-- phpMyAdmin SQL Dump
-- version 5.2.0
-- https://www.phpmyadmin.net/
--
-- Host: 127.0.0.1:3306
-- Generation Time: Aug 21, 2023 at 06:37 AM
-- Server version: 8.0.31
-- PHP Version: 7.4.33

SET SQL_MODE = "NO_AUTO_VALUE_ON_ZERO";
START TRANSACTION;
SET time_zone = "+00:00";


/*!40101 SET @OLD_CHARACTER_SET_CLIENT=@@CHARACTER_SET_CLIENT */;
/*!40101 SET @OLD_CHARACTER_SET_RESULTS=@@CHARACTER_SET_RESULTS */;
/*!40101 SET @OLD_COLLATION_CONNECTION=@@COLLATION_CONNECTION */;
/*!40101 SET NAMES utf8mb4 */;

--
-- Database: `db_absensi`
--

DELIMITER $$
--
-- Procedures
--
DROP PROCEDURE IF EXISTS `InsertMonthlyAbsensi`$$
CREATE DEFINER=`root`@`localhost` PROCEDURE `InsertMonthlyAbsensi` (IN `userId` INT, IN `start_date` DATE, IN `end_date` DATE)   BEGIN
  DECLARE currentDate DATE;
  DECLARE currentDayName VARCHAR(10);
  DECLARE randomMinute INT;
  
  -- Mengatur tanggal awal berdasarkan input
  SET currentDate = start_date;
  
  WHILE currentDate <= end_date DO
    SET currentDayName = DAYNAME(currentDate);
    
    IF currentDayName NOT IN ('Saturday', 'Sunday') THEN
      -- Masukkan absen masuk dengan waktu acak antara 07:00 - 07:45
      SET randomMinute = FLOOR(RAND() * 46);
      INSERT INTO absensi(tgl, waktu, keterangan, id_user) 
      VALUES (currentDate, CONCAT('07:', LPAD(randomMinute, 2, '0'), ':00'), 'Masuk', userId);

      -- Masukkan absen pulang dengan waktu acak antara 16:00 - 16:45
      SET randomMinute = FLOOR(RAND() * 46);
      INSERT INTO absensi(tgl, waktu, keterangan, id_user) 
      VALUES (currentDate, CONCAT('16:', LPAD(randomMinute, 2, '0'), ':00'), 'Pulang', userId);
    END IF;
    
    SET currentDate = DATE_ADD(currentDate, INTERVAL 1 DAY);
  END WHILE;
END$$

DELIMITER ;

-- --------------------------------------------------------

--
-- Table structure for table `absensi`
--

DROP TABLE IF EXISTS `absensi`;
CREATE TABLE IF NOT EXISTS `absensi` (
  `id_absen` int NOT NULL AUTO_INCREMENT,
  `tgl` date NOT NULL,
  `waktu` time NOT NULL,
  `keterangan` enum('Masuk','Pulang') NOT NULL,
  `id_user` int NOT NULL,
  PRIMARY KEY (`id_absen`)
) ENGINE=InnoDB AUTO_INCREMENT=1105 DEFAULT CHARSET=latin1;

--
-- Dumping data for table `absensi`
--

INSERT INTO `absensi` (`id_absen`, `tgl`, `waktu`, `keterangan`, `id_user`) VALUES
(1, '2023-01-02', '07:34:00', 'Masuk', 1),
(2, '2023-01-02', '16:22:00', 'Pulang', 1),
(3, '2023-01-03', '07:08:00', 'Masuk', 1),
(4, '2023-01-03', '16:20:00', 'Pulang', 1),
(5, '2023-01-04', '07:31:00', 'Masuk', 1),
(6, '2023-01-04', '16:05:00', 'Pulang', 1),
(7, '2023-01-05', '07:23:00', 'Masuk', 1),
(8, '2023-01-05', '16:09:00', 'Pulang', 1),
(9, '2023-01-06', '07:24:00', 'Masuk', 1),
(10, '2023-01-06', '16:45:00', 'Pulang', 1),
(11, '2023-01-09', '07:17:00', 'Masuk', 1),
(12, '2023-01-09', '16:41:00', 'Pulang', 1),
(13, '2023-01-10', '07:19:00', 'Masuk', 1),
(14, '2023-01-10', '16:17:00', 'Pulang', 1),
(15, '2023-01-11', '07:30:00', 'Masuk', 1),
(16, '2023-01-11', '16:05:00', 'Pulang', 1),
(17, '2023-01-12', '07:30:00', 'Masuk', 1),
(18, '2023-01-12', '16:44:00', 'Pulang', 1),
(19, '2023-01-13', '07:38:00', 'Masuk', 1),
(20, '2023-01-13', '16:11:00', 'Pulang', 1),
(21, '2023-01-16', '07:35:00', 'Masuk', 1),
(22, '2023-01-16', '16:06:00', 'Pulang', 1),
(23, '2023-01-17', '07:16:00', 'Masuk', 1),
(24, '2023-01-17', '16:15:00', 'Pulang', 1),
(25, '2023-01-18', '07:30:00', 'Masuk', 1),
(26, '2023-01-18', '16:12:00', 'Pulang', 1),
(27, '2023-01-19', '07:17:00', 'Masuk', 1),
(28, '2023-01-19', '16:05:00', 'Pulang', 1),
(29, '2023-01-20', '07:18:00', 'Masuk', 1),
(30, '2023-01-20', '16:29:00', 'Pulang', 1),
(31, '2023-01-23', '07:02:00', 'Masuk', 1),
(32, '2023-01-23', '16:14:00', 'Pulang', 1),
(33, '2023-01-24', '07:18:00', 'Masuk', 1),
(34, '2023-01-24', '16:01:00', 'Pulang', 1),
(35, '2023-01-25', '07:00:00', 'Masuk', 1),
(36, '2023-01-25', '16:42:00', 'Pulang', 1),
(37, '2023-01-26', '07:28:00', 'Masuk', 1),
(38, '2023-01-26', '16:15:00', 'Pulang', 1),
(39, '2023-01-27', '07:39:00', 'Masuk', 1),
(40, '2023-01-27', '16:10:00', 'Pulang', 1),
(41, '2023-01-30', '07:25:00', 'Masuk', 1),
(42, '2023-01-30', '16:05:00', 'Pulang', 1),
(43, '2023-01-31', '07:40:00', 'Masuk', 1),
(44, '2023-01-31', '16:02:00', 'Pulang', 1),
(45, '2023-02-01', '07:31:00', 'Masuk', 1),
(46, '2023-02-01', '16:11:00', 'Pulang', 1),
(47, '2023-02-02', '07:09:00', 'Masuk', 1),
(48, '2023-02-02', '16:11:00', 'Pulang', 1),
(49, '2023-02-03', '07:27:00', 'Masuk', 1),
(50, '2023-02-03', '16:12:00', 'Pulang', 1),
(51, '2023-02-06', '07:24:00', 'Masuk', 1),
(52, '2023-02-06', '16:38:00', 'Pulang', 1),
(53, '2023-02-07', '07:26:00', 'Masuk', 1),
(54, '2023-02-07', '16:19:00', 'Pulang', 1),
(55, '2023-02-08', '07:16:00', 'Masuk', 1),
(56, '2023-02-08', '16:26:00', 'Pulang', 1),
(57, '2023-02-09', '07:35:00', 'Masuk', 1),
(58, '2023-02-09', '16:04:00', 'Pulang', 1),
(59, '2023-02-10', '07:08:00', 'Masuk', 1),
(60, '2023-02-10', '16:28:00', 'Pulang', 1),
(61, '2023-02-13', '07:24:00', 'Masuk', 1),
(62, '2023-02-13', '16:38:00', 'Pulang', 1),
(63, '2023-02-14', '07:27:00', 'Masuk', 1),
(64, '2023-02-14', '16:19:00', 'Pulang', 1),
(65, '2023-02-15', '07:17:00', 'Masuk', 1),
(66, '2023-02-15', '16:27:00', 'Pulang', 1),
(67, '2023-02-16', '07:39:00', 'Masuk', 1),
(68, '2023-02-16', '16:24:00', 'Pulang', 1),
(69, '2023-02-17', '07:02:00', 'Masuk', 1),
(70, '2023-02-17', '16:30:00', 'Pulang', 1),
(71, '2023-02-20', '07:07:00', 'Masuk', 1),
(72, '2023-02-20', '16:39:00', 'Pulang', 1),
(73, '2023-02-21', '07:37:00', 'Masuk', 1),
(74, '2023-02-21', '16:23:00', 'Pulang', 1),
(75, '2023-02-22', '07:03:00', 'Masuk', 1),
(76, '2023-02-22', '16:38:00', 'Pulang', 1),
(77, '2023-02-23', '07:00:00', 'Masuk', 1),
(78, '2023-02-23', '16:24:00', 'Pulang', 1),
(79, '2023-02-24', '07:28:00', 'Masuk', 1),
(80, '2023-02-24', '16:21:00', 'Pulang', 1),
(81, '2023-02-27', '07:25:00', 'Masuk', 1),
(82, '2023-02-27', '16:13:00', 'Pulang', 1),
(83, '2023-02-28', '07:38:00', 'Masuk', 1),
(84, '2023-02-28', '16:15:00', 'Pulang', 1),
(85, '2023-03-01', '07:06:00', 'Masuk', 1),
(86, '2023-03-01', '16:33:00', 'Pulang', 1),
(87, '2023-03-02', '07:07:00', 'Masuk', 1),
(88, '2023-03-02', '16:28:00', 'Pulang', 1),
(89, '2023-03-03', '07:30:00', 'Masuk', 1),
(90, '2023-03-03', '16:21:00', 'Pulang', 1),
(91, '2023-03-06', '07:13:00', 'Masuk', 1),
(92, '2023-03-06', '16:02:00', 'Pulang', 1),
(93, '2023-03-07', '07:20:00', 'Masuk', 1),
(94, '2023-03-07', '16:02:00', 'Pulang', 1),
(95, '2023-03-08', '07:41:00', 'Masuk', 1),
(96, '2023-03-08', '16:16:00', 'Pulang', 1),
(97, '2023-03-09', '07:03:00', 'Masuk', 1),
(98, '2023-03-09', '16:16:00', 'Pulang', 1),
(99, '2023-03-10', '07:24:00', 'Masuk', 1),
(100, '2023-03-10', '16:28:00', 'Pulang', 1),
(101, '2023-03-13', '07:22:00', 'Masuk', 1),
(102, '2023-03-13', '16:25:00', 'Pulang', 1),
(103, '2023-03-14', '07:12:00', 'Masuk', 1),
(104, '2023-03-14', '16:34:00', 'Pulang', 1),
(105, '2023-03-15', '07:44:00', 'Masuk', 1),
(106, '2023-03-15', '16:23:00', 'Pulang', 1),
(107, '2023-03-16', '07:33:00', 'Masuk', 1),
(108, '2023-03-16', '16:01:00', 'Pulang', 1),
(109, '2023-03-17', '07:00:00', 'Masuk', 1),
(110, '2023-03-17', '16:43:00', 'Pulang', 1),
(111, '2023-03-20', '07:33:00', 'Masuk', 1),
(112, '2023-03-20', '16:34:00', 'Pulang', 1),
(113, '2023-03-21', '07:27:00', 'Masuk', 1),
(114, '2023-03-21', '16:33:00', 'Pulang', 1),
(115, '2023-03-22', '07:37:00', 'Masuk', 1),
(116, '2023-03-22', '16:42:00', 'Pulang', 1),
(117, '2023-03-23', '07:06:00', 'Masuk', 1),
(118, '2023-03-23', '16:00:00', 'Pulang', 1),
(119, '2023-03-24', '07:25:00', 'Masuk', 1),
(120, '2023-03-24', '16:33:00', 'Pulang', 1),
(121, '2023-03-27', '07:01:00', 'Masuk', 1),
(122, '2023-03-27', '16:43:00', 'Pulang', 1),
(123, '2023-03-28', '07:28:00', 'Masuk', 1),
(124, '2023-03-28', '16:12:00', 'Pulang', 1),
(125, '2023-03-29', '07:21:00', 'Masuk', 1),
(126, '2023-03-29', '16:24:00', 'Pulang', 1),
(127, '2023-03-30', '07:11:00', 'Masuk', 1),
(128, '2023-03-30', '16:29:00', 'Pulang', 1),
(129, '2023-03-31', '07:20:00', 'Masuk', 1),
(130, '2023-03-31', '16:16:00', 'Pulang', 1),
(131, '2023-04-03', '07:19:00', 'Masuk', 1),
(132, '2023-04-03', '16:02:00', 'Pulang', 1),
(133, '2023-04-04', '07:44:00', 'Masuk', 1),
(134, '2023-04-04', '16:32:00', 'Pulang', 1),
(135, '2023-04-05', '07:28:00', 'Masuk', 1),
(136, '2023-04-05', '16:44:00', 'Pulang', 1),
(137, '2023-04-06', '07:45:00', 'Masuk', 1),
(138, '2023-04-06', '16:02:00', 'Pulang', 1),
(139, '2023-04-07', '07:13:00', 'Masuk', 1),
(140, '2023-04-07', '16:12:00', 'Pulang', 1),
(141, '2023-04-10', '07:24:00', 'Masuk', 1),
(142, '2023-04-10', '16:39:00', 'Pulang', 1),
(143, '2023-04-11', '07:31:00', 'Masuk', 1),
(144, '2023-04-11', '16:39:00', 'Pulang', 1),
(145, '2023-04-12', '07:10:00', 'Masuk', 1),
(146, '2023-04-12', '16:27:00', 'Pulang', 1),
(147, '2023-04-13', '07:14:00', 'Masuk', 1),
(148, '2023-04-13', '16:36:00', 'Pulang', 1),
(149, '2023-04-14', '07:00:00', 'Masuk', 1),
(150, '2023-04-14', '16:32:00', 'Pulang', 1),
(151, '2023-04-17', '07:19:00', 'Masuk', 1),
(152, '2023-04-17', '16:02:00', 'Pulang', 1),
(153, '2023-04-18', '07:44:00', 'Masuk', 1),
(154, '2023-04-18', '16:30:00', 'Pulang', 1),
(155, '2023-04-19', '07:20:00', 'Masuk', 1),
(156, '2023-04-19', '16:08:00', 'Pulang', 1),
(157, '2023-04-20', '07:29:00', 'Masuk', 1),
(158, '2023-04-20', '16:27:00', 'Pulang', 1),
(159, '2023-04-21', '07:05:00', 'Masuk', 1),
(160, '2023-04-21', '16:37:00', 'Pulang', 1),
(161, '2023-04-24', '07:34:00', 'Masuk', 1),
(162, '2023-04-24', '16:10:00', 'Pulang', 1),
(163, '2023-04-25', '07:41:00', 'Masuk', 1),
(164, '2023-04-25', '16:36:00', 'Pulang', 1),
(165, '2023-04-26', '07:13:00', 'Masuk', 1),
(166, '2023-04-26', '16:06:00', 'Pulang', 1),
(167, '2023-04-27', '07:34:00', 'Masuk', 1),
(168, '2023-04-27', '16:14:00', 'Pulang', 1),
(169, '2023-04-28', '07:17:00', 'Masuk', 1),
(170, '2023-04-28', '16:42:00', 'Pulang', 1),
(171, '2023-05-01', '07:23:00', 'Masuk', 1),
(172, '2023-05-01', '16:36:00', 'Pulang', 1),
(173, '2023-05-02', '07:21:00', 'Masuk', 1),
(174, '2023-05-02', '16:40:00', 'Pulang', 1),
(175, '2023-05-03', '07:00:00', 'Masuk', 1),
(176, '2023-05-03', '16:20:00', 'Pulang', 1),
(177, '2023-05-04', '07:10:00', 'Masuk', 1),
(178, '2023-05-04', '16:34:00', 'Pulang', 1),
(179, '2023-05-05', '07:05:00', 'Masuk', 1),
(180, '2023-05-05', '16:14:00', 'Pulang', 1),
(181, '2023-05-08', '07:11:00', 'Masuk', 1),
(182, '2023-05-08', '16:12:00', 'Pulang', 1),
(183, '2023-05-09', '07:28:00', 'Masuk', 1),
(184, '2023-05-09', '16:11:00', 'Pulang', 1),
(185, '2023-05-10', '07:18:00', 'Masuk', 1),
(186, '2023-05-10', '16:10:00', 'Pulang', 1),
(187, '2023-05-11', '07:43:00', 'Masuk', 1),
(188, '2023-05-11', '16:01:00', 'Pulang', 1),
(189, '2023-05-12', '07:14:00', 'Masuk', 1),
(190, '2023-05-12', '16:22:00', 'Pulang', 1),
(191, '2023-05-15', '07:24:00', 'Masuk', 1),
(192, '2023-05-15', '16:07:00', 'Pulang', 1),
(193, '2023-05-16', '07:09:00', 'Masuk', 1),
(194, '2023-05-16', '16:26:00', 'Pulang', 1),
(195, '2023-05-17', '07:12:00', 'Masuk', 1),
(196, '2023-05-17', '16:27:00', 'Pulang', 1),
(197, '2023-05-18', '07:06:00', 'Masuk', 1),
(198, '2023-05-18', '16:44:00', 'Pulang', 1),
(199, '2023-05-19', '07:16:00', 'Masuk', 1),
(200, '2023-05-19', '16:40:00', 'Pulang', 1),
(201, '2023-05-22', '07:18:00', 'Masuk', 1),
(202, '2023-05-22', '16:13:00', 'Pulang', 1),
(203, '2023-05-23', '07:13:00', 'Masuk', 1),
(204, '2023-05-23', '16:26:00', 'Pulang', 1),
(205, '2023-05-24', '07:00:00', 'Masuk', 1),
(206, '2023-05-24', '16:14:00', 'Pulang', 1),
(207, '2023-05-25', '07:24:00', 'Masuk', 1),
(208, '2023-05-25', '16:33:00', 'Pulang', 1),
(209, '2023-05-26', '07:00:00', 'Masuk', 1),
(210, '2023-05-26', '16:40:00', 'Pulang', 1),
(211, '2023-05-29', '07:15:00', 'Masuk', 1),
(212, '2023-05-29', '16:02:00', 'Pulang', 1),
(213, '2023-05-30', '07:13:00', 'Masuk', 1),
(214, '2023-05-30', '16:12:00', 'Pulang', 1),
(215, '2023-05-31', '07:24:00', 'Masuk', 1),
(216, '2023-05-31', '16:38:00', 'Pulang', 1),
(217, '2023-06-01', '07:25:00', 'Masuk', 1),
(218, '2023-06-01', '16:13:00', 'Pulang', 1),
(219, '2023-06-02', '07:37:00', 'Masuk', 1),
(220, '2023-06-02', '16:06:00', 'Pulang', 1),
(221, '2023-06-05', '07:13:00', 'Masuk', 1),
(222, '2023-06-05', '16:02:00', 'Pulang', 1),
(223, '2023-06-06', '07:17:00', 'Masuk', 1),
(224, '2023-06-06', '16:34:00', 'Pulang', 1),
(225, '2023-06-07', '07:27:00', 'Masuk', 1),
(226, '2023-06-07', '16:32:00', 'Pulang', 1),
(227, '2023-06-08', '07:35:00', 'Masuk', 1),
(228, '2023-06-08', '16:33:00', 'Pulang', 1),
(229, '2023-06-09', '07:13:00', 'Masuk', 1),
(230, '2023-06-09', '16:12:00', 'Pulang', 1),
(231, '2023-06-12', '07:24:00', 'Masuk', 1),
(232, '2023-06-12', '16:38:00', 'Pulang', 1),
(233, '2023-06-13', '07:26:00', 'Masuk', 1),
(234, '2023-06-13', '16:15:00', 'Pulang', 1),
(235, '2023-06-14', '07:44:00', 'Masuk', 1),
(236, '2023-06-14', '16:38:00', 'Pulang', 1),
(237, '2023-06-15', '07:12:00', 'Masuk', 1),
(238, '2023-06-15', '16:40:00', 'Pulang', 1),
(239, '2023-06-16', '07:25:00', 'Masuk', 1),
(240, '2023-06-16', '16:07:00', 'Pulang', 1),
(241, '2023-06-19', '07:08:00', 'Masuk', 1),
(242, '2023-06-19', '16:17:00', 'Pulang', 1),
(243, '2023-06-20', '07:17:00', 'Masuk', 1),
(244, '2023-06-20', '16:33:00', 'Pulang', 1),
(245, '2023-06-21', '07:24:00', 'Masuk', 1),
(246, '2023-06-21', '16:20:00', 'Pulang', 1),
(247, '2023-06-22', '07:31:00', 'Masuk', 1),
(248, '2023-06-22', '16:01:00', 'Pulang', 1),
(249, '2023-06-23', '07:04:00', 'Masuk', 1),
(250, '2023-06-23', '16:17:00', 'Pulang', 1),
(251, '2023-06-26', '07:28:00', 'Masuk', 1),
(252, '2023-06-26', '16:00:00', 'Pulang', 1),
(253, '2023-06-27', '07:06:00', 'Masuk', 1),
(254, '2023-06-27', '16:32:00', 'Pulang', 1),
(255, '2023-06-28', '07:03:00', 'Masuk', 1),
(256, '2023-06-28', '16:11:00', 'Pulang', 1),
(257, '2023-06-29', '07:01:00', 'Masuk', 1),
(258, '2023-06-29', '16:17:00', 'Pulang', 1),
(259, '2023-06-30', '07:38:00', 'Masuk', 1),
(260, '2023-06-30', '16:45:00', 'Pulang', 1),
(261, '2023-07-03', '07:23:00', 'Masuk', 1),
(262, '2023-07-03', '16:24:00', 'Pulang', 1),
(263, '2023-07-04', '07:07:00', 'Masuk', 1),
(264, '2023-07-04', '16:07:00', 'Pulang', 1),
(265, '2023-07-05', '07:16:00', 'Masuk', 1),
(266, '2023-07-05', '16:15:00', 'Pulang', 1),
(267, '2023-07-06', '07:26:00', 'Masuk', 1),
(268, '2023-07-06', '16:38:00', 'Pulang', 1),
(269, '2023-07-07', '07:20:00', 'Masuk', 1),
(270, '2023-07-07', '16:35:00', 'Pulang', 1),
(271, '2023-07-10', '07:21:00', 'Masuk', 1),
(272, '2023-07-10', '16:00:00', 'Pulang', 1),
(273, '2023-07-11', '07:32:00', 'Masuk', 1),
(274, '2023-07-11', '16:22:00', 'Pulang', 1),
(275, '2023-07-12', '07:14:00', 'Masuk', 1),
(276, '2023-07-12', '16:05:00', 'Pulang', 1),
(277, '2023-07-13', '07:30:00', 'Masuk', 1),
(278, '2023-07-13', '16:42:00', 'Pulang', 1),
(279, '2023-07-14', '07:31:00', 'Masuk', 1),
(280, '2023-07-14', '16:27:00', 'Pulang', 1),
(281, '2023-07-17', '07:44:00', 'Masuk', 1),
(282, '2023-07-17', '16:02:00', 'Pulang', 1),
(283, '2023-07-18', '07:15:00', 'Masuk', 1),
(284, '2023-07-18', '16:23:00', 'Pulang', 1),
(285, '2023-07-19', '07:24:00', 'Masuk', 1),
(286, '2023-07-19', '16:08:00', 'Pulang', 1),
(287, '2023-07-20', '07:15:00', 'Masuk', 1),
(288, '2023-07-20', '16:03:00', 'Pulang', 1),
(289, '2023-07-21', '07:18:00', 'Masuk', 1),
(290, '2023-07-21', '16:35:00', 'Pulang', 1),
(291, '2023-07-24', '07:31:00', 'Masuk', 1),
(292, '2023-07-24', '16:04:00', 'Pulang', 1),
(293, '2023-07-25', '07:19:00', 'Masuk', 1),
(294, '2023-07-25', '16:36:00', 'Pulang', 1),
(295, '2023-07-26', '07:32:00', 'Masuk', 1),
(296, '2023-07-26', '16:07:00', 'Pulang', 1),
(297, '2023-07-27', '07:32:00', 'Masuk', 1),
(298, '2023-07-27', '16:00:00', 'Pulang', 1),
(299, '2023-07-28', '07:44:00', 'Masuk', 1),
(300, '2023-07-28', '16:36:00', 'Pulang', 1),
(301, '2023-07-31', '07:04:00', 'Masuk', 1),
(302, '2023-07-31', '16:04:00', 'Pulang', 1),
(303, '2023-08-01', '07:07:00', 'Masuk', 1),
(304, '2023-08-01', '16:24:00', 'Pulang', 1),
(305, '2023-08-02', '07:06:00', 'Masuk', 1),
(306, '2023-08-02', '16:07:00', 'Pulang', 1),
(307, '2023-08-03', '07:15:00', 'Masuk', 1),
(308, '2023-08-03', '16:11:00', 'Pulang', 1),
(309, '2023-08-04', '07:10:00', 'Masuk', 1),
(310, '2023-08-04', '16:18:00', 'Pulang', 1),
(311, '2023-08-07', '07:15:00', 'Masuk', 1),
(312, '2023-08-07', '16:21:00', 'Pulang', 1),
(313, '2023-08-08', '07:14:00', 'Masuk', 1),
(314, '2023-08-08', '16:06:00', 'Pulang', 1),
(315, '2023-08-09', '07:36:00', 'Masuk', 1),
(316, '2023-08-09', '16:25:00', 'Pulang', 1),
(317, '2023-08-10', '07:17:00', 'Masuk', 1),
(318, '2023-08-10', '16:11:00', 'Pulang', 1),
(319, '2023-08-11', '07:02:00', 'Masuk', 1),
(320, '2023-08-11', '16:25:00', 'Pulang', 1),
(321, '2023-08-14', '07:30:00', 'Masuk', 1),
(322, '2023-08-14', '16:26:00', 'Pulang', 1),
(323, '2023-08-15', '07:41:00', 'Masuk', 1),
(324, '2023-08-15', '16:35:00', 'Pulang', 1),
(325, '2023-08-16', '07:07:00', 'Masuk', 1),
(326, '2023-08-16', '16:22:00', 'Pulang', 1),
(327, '2023-08-17', '07:44:00', 'Masuk', 1),
(328, '2023-08-17', '16:15:00', 'Pulang', 1),
(329, '2023-08-18', '07:36:00', 'Masuk', 1),
(330, '2023-08-18', '16:45:00', 'Pulang', 1),
(331, '2023-01-02', '07:11:00', 'Masuk', 2),
(332, '2023-01-02', '16:36:00', 'Pulang', 2),
(333, '2023-01-03', '07:12:00', 'Masuk', 2),
(334, '2023-01-03', '16:42:00', 'Pulang', 2),
(335, '2023-01-04', '07:38:00', 'Masuk', 2),
(336, '2023-01-04', '16:16:00', 'Pulang', 2),
(337, '2023-01-05', '07:16:00', 'Masuk', 2),
(338, '2023-01-05', '16:30:00', 'Pulang', 2),
(339, '2023-01-06', '07:13:00', 'Masuk', 2),
(340, '2023-01-06', '16:20:00', 'Pulang', 2),
(341, '2023-01-09', '07:16:00', 'Masuk', 2),
(342, '2023-01-09', '16:20:00', 'Pulang', 2),
(343, '2023-01-10', '07:08:00', 'Masuk', 2),
(344, '2023-01-10', '16:25:00', 'Pulang', 2),
(345, '2023-01-11', '07:10:00', 'Masuk', 2),
(346, '2023-01-11', '16:23:00', 'Pulang', 2),
(347, '2023-01-12', '07:38:00', 'Masuk', 2),
(348, '2023-01-12', '16:31:00', 'Pulang', 2),
(349, '2023-01-13', '07:40:00', 'Masuk', 2),
(350, '2023-01-13', '16:17:00', 'Pulang', 2),
(351, '2023-01-16', '07:13:00', 'Masuk', 2),
(352, '2023-01-16', '16:11:00', 'Pulang', 2),
(353, '2023-01-17', '07:19:00', 'Masuk', 2),
(354, '2023-01-17', '16:17:00', 'Pulang', 2),
(355, '2023-01-18', '07:30:00', 'Masuk', 2),
(356, '2023-01-18', '16:04:00', 'Pulang', 2),
(357, '2023-01-19', '07:25:00', 'Masuk', 2),
(358, '2023-01-19', '16:20:00', 'Pulang', 2),
(359, '2023-01-20', '07:26:00', 'Masuk', 2),
(360, '2023-01-20', '16:22:00', 'Pulang', 2),
(361, '2023-01-23', '07:36:00', 'Masuk', 2),
(362, '2023-01-23', '16:21:00', 'Pulang', 2),
(363, '2023-01-24', '07:42:00', 'Masuk', 2),
(364, '2023-01-24', '16:12:00', 'Pulang', 2),
(365, '2023-01-25', '07:26:00', 'Masuk', 2),
(366, '2023-01-25', '16:00:00', 'Pulang', 2),
(367, '2023-01-26', '07:16:00', 'Masuk', 2),
(368, '2023-01-26', '16:36:00', 'Pulang', 2),
(369, '2023-01-27', '07:38:00', 'Masuk', 2),
(370, '2023-01-27', '16:38:00', 'Pulang', 2),
(371, '2023-01-30', '07:30:00', 'Masuk', 2),
(372, '2023-01-30', '16:37:00', 'Pulang', 2),
(373, '2023-01-31', '07:04:00', 'Masuk', 2),
(374, '2023-01-31', '16:00:00', 'Pulang', 2),
(375, '2023-02-01', '07:37:00', 'Masuk', 2),
(376, '2023-02-01', '16:45:00', 'Pulang', 2),
(377, '2023-02-02', '07:25:00', 'Masuk', 2),
(378, '2023-02-02', '16:37:00', 'Pulang', 2),
(379, '2023-02-03', '07:15:00', 'Masuk', 2),
(380, '2023-02-03', '16:14:00', 'Pulang', 2),
(381, '2023-02-06', '07:23:00', 'Masuk', 2),
(382, '2023-02-06', '16:28:00', 'Pulang', 2),
(383, '2023-02-07', '07:24:00', 'Masuk', 2),
(384, '2023-02-07', '16:39:00', 'Pulang', 2),
(385, '2023-02-08', '07:33:00', 'Masuk', 2),
(386, '2023-02-08', '16:00:00', 'Pulang', 2),
(387, '2023-02-09', '07:39:00', 'Masuk', 2),
(388, '2023-02-09', '16:12:00', 'Pulang', 2),
(389, '2023-02-10', '07:36:00', 'Masuk', 2),
(390, '2023-02-10', '16:04:00', 'Pulang', 2),
(391, '2023-02-13', '07:07:00', 'Masuk', 2),
(392, '2023-02-13', '16:23:00', 'Pulang', 2),
(393, '2023-02-14', '07:02:00', 'Masuk', 2),
(394, '2023-02-14', '16:32:00', 'Pulang', 2),
(395, '2023-02-15', '07:19:00', 'Masuk', 2),
(396, '2023-02-15', '16:00:00', 'Pulang', 2),
(397, '2023-02-16', '07:36:00', 'Masuk', 2),
(398, '2023-02-16', '16:40:00', 'Pulang', 2),
(399, '2023-02-17', '07:01:00', 'Masuk', 2),
(400, '2023-02-17', '16:22:00', 'Pulang', 2),
(401, '2023-02-20', '07:18:00', 'Masuk', 2),
(402, '2023-02-20', '16:23:00', 'Pulang', 2),
(403, '2023-02-21', '07:16:00', 'Masuk', 2),
(404, '2023-02-21', '16:12:00', 'Pulang', 2),
(405, '2023-02-22', '07:12:00', 'Masuk', 2),
(406, '2023-02-22', '16:25:00', 'Pulang', 2),
(407, '2023-02-23', '07:44:00', 'Masuk', 2),
(408, '2023-02-23', '16:07:00', 'Pulang', 2),
(409, '2023-02-24', '07:42:00', 'Masuk', 2),
(410, '2023-02-24', '16:05:00', 'Pulang', 2),
(411, '2023-02-27', '07:39:00', 'Masuk', 2),
(412, '2023-02-27', '16:41:00', 'Pulang', 2),
(413, '2023-02-28', '07:43:00', 'Masuk', 2),
(414, '2023-02-28', '16:02:00', 'Pulang', 2),
(415, '2023-03-01', '07:18:00', 'Masuk', 2),
(416, '2023-03-01', '16:38:00', 'Pulang', 2),
(417, '2023-03-02', '07:45:00', 'Masuk', 2),
(418, '2023-03-02', '16:21:00', 'Pulang', 2),
(419, '2023-03-03', '07:16:00', 'Masuk', 2),
(420, '2023-03-03', '16:18:00', 'Pulang', 2),
(421, '2023-03-06', '07:40:00', 'Masuk', 2),
(422, '2023-03-06', '16:11:00', 'Pulang', 2),
(423, '2023-03-07', '07:27:00', 'Masuk', 2),
(424, '2023-03-07', '16:08:00', 'Pulang', 2),
(425, '2023-03-08', '07:08:00', 'Masuk', 2),
(426, '2023-03-08', '16:16:00', 'Pulang', 2),
(427, '2023-03-09', '07:11:00', 'Masuk', 2),
(428, '2023-03-09', '16:09:00', 'Pulang', 2),
(429, '2023-03-10', '07:12:00', 'Masuk', 2),
(430, '2023-03-10', '16:31:00', 'Pulang', 2),
(431, '2023-03-13', '07:30:00', 'Masuk', 2),
(432, '2023-03-13', '16:10:00', 'Pulang', 2),
(433, '2023-03-14', '07:05:00', 'Masuk', 2),
(434, '2023-03-14', '16:42:00', 'Pulang', 2),
(435, '2023-03-15', '07:13:00', 'Masuk', 2),
(436, '2023-03-15', '16:33:00', 'Pulang', 2),
(437, '2023-03-16', '07:31:00', 'Masuk', 2),
(438, '2023-03-16', '16:13:00', 'Pulang', 2),
(439, '2023-03-17', '07:19:00', 'Masuk', 2),
(440, '2023-03-17', '16:09:00', 'Pulang', 2),
(441, '2023-03-20', '07:35:00', 'Masuk', 2),
(442, '2023-03-20', '16:11:00', 'Pulang', 2),
(443, '2023-03-21', '07:40:00', 'Masuk', 2),
(444, '2023-03-21', '16:31:00', 'Pulang', 2),
(445, '2023-03-22', '07:36:00', 'Masuk', 2),
(446, '2023-03-22', '16:40:00', 'Pulang', 2),
(447, '2023-03-23', '07:03:00', 'Masuk', 2),
(448, '2023-03-23', '16:33:00', 'Pulang', 2),
(449, '2023-03-24', '07:17:00', 'Masuk', 2),
(450, '2023-03-24', '16:35:00', 'Pulang', 2),
(451, '2023-03-27', '07:30:00', 'Masuk', 2),
(452, '2023-03-27', '16:44:00', 'Pulang', 2),
(453, '2023-03-28', '07:42:00', 'Masuk', 2),
(454, '2023-03-28', '16:30:00', 'Pulang', 2),
(455, '2023-03-29', '07:24:00', 'Masuk', 2),
(456, '2023-03-29', '16:32:00', 'Pulang', 2),
(457, '2023-03-30', '07:42:00', 'Masuk', 2),
(458, '2023-03-30', '16:22:00', 'Pulang', 2),
(459, '2023-03-31', '07:29:00', 'Masuk', 2),
(460, '2023-03-31', '16:35:00', 'Pulang', 2),
(461, '2023-04-03', '07:41:00', 'Masuk', 2),
(462, '2023-04-03', '16:08:00', 'Pulang', 2),
(463, '2023-04-04', '07:10:00', 'Masuk', 2),
(464, '2023-04-04', '16:28:00', 'Pulang', 2),
(465, '2023-04-05', '07:20:00', 'Masuk', 2),
(466, '2023-04-05', '16:14:00', 'Pulang', 2),
(467, '2023-04-06', '07:12:00', 'Masuk', 2),
(468, '2023-04-06', '16:19:00', 'Pulang', 2),
(469, '2023-04-07', '07:13:00', 'Masuk', 2),
(470, '2023-04-07', '16:08:00', 'Pulang', 2),
(471, '2023-04-10', '07:02:00', 'Masuk', 2),
(472, '2023-04-10', '16:32:00', 'Pulang', 2),
(473, '2023-04-11', '07:15:00', 'Masuk', 2),
(474, '2023-04-11', '16:27:00', 'Pulang', 2),
(475, '2023-04-12', '07:44:00', 'Masuk', 2),
(476, '2023-04-12', '16:01:00', 'Pulang', 2),
(477, '2023-04-13', '07:12:00', 'Masuk', 2),
(478, '2023-04-13', '16:12:00', 'Pulang', 2),
(479, '2023-04-14', '07:24:00', 'Masuk', 2),
(480, '2023-04-14', '16:37:00', 'Pulang', 2),
(481, '2023-04-17', '07:21:00', 'Masuk', 2),
(482, '2023-04-17', '16:40:00', 'Pulang', 2),
(483, '2023-04-18', '07:02:00', 'Masuk', 2),
(484, '2023-04-18', '16:27:00', 'Pulang', 2),
(485, '2023-04-19', '07:37:00', 'Masuk', 2),
(486, '2023-04-19', '16:11:00', 'Pulang', 2),
(487, '2023-04-20', '07:39:00', 'Masuk', 2),
(488, '2023-04-20', '16:22:00', 'Pulang', 2),
(489, '2023-04-21', '07:41:00', 'Masuk', 2),
(490, '2023-04-21', '16:01:00', 'Pulang', 2),
(491, '2023-04-24', '07:21:00', 'Masuk', 2),
(492, '2023-04-24', '16:11:00', 'Pulang', 2),
(493, '2023-04-25', '07:38:00', 'Masuk', 2),
(494, '2023-04-25', '16:18:00', 'Pulang', 2),
(495, '2023-04-26', '07:22:00', 'Masuk', 2),
(496, '2023-04-26', '16:11:00', 'Pulang', 2),
(497, '2023-04-27', '07:37:00', 'Masuk', 2),
(498, '2023-04-27', '16:12:00', 'Pulang', 2),
(499, '2023-04-28', '07:45:00', 'Masuk', 2),
(500, '2023-04-28', '16:02:00', 'Pulang', 2),
(501, '2023-05-01', '07:15:00', 'Masuk', 2),
(502, '2023-05-01', '16:24:00', 'Pulang', 2),
(503, '2023-05-02', '07:29:00', 'Masuk', 2),
(504, '2023-05-02', '16:27:00', 'Pulang', 2),
(505, '2023-05-03', '07:02:00', 'Masuk', 2),
(506, '2023-05-03', '16:22:00', 'Pulang', 2),
(507, '2023-05-04', '07:13:00', 'Masuk', 2),
(508, '2023-05-04', '16:43:00', 'Pulang', 2),
(509, '2023-05-05', '07:41:00', 'Masuk', 2),
(510, '2023-05-05', '16:30:00', 'Pulang', 2),
(511, '2023-05-08', '07:27:00', 'Masuk', 2),
(512, '2023-05-08', '16:01:00', 'Pulang', 2),
(513, '2023-05-09', '07:14:00', 'Masuk', 2),
(514, '2023-05-09', '16:23:00', 'Pulang', 2),
(515, '2023-05-10', '07:28:00', 'Masuk', 2),
(516, '2023-05-10', '16:26:00', 'Pulang', 2),
(517, '2023-05-11', '07:45:00', 'Masuk', 2),
(518, '2023-05-11', '16:11:00', 'Pulang', 2),
(519, '2023-05-12', '07:10:00', 'Masuk', 2),
(520, '2023-05-12', '16:19:00', 'Pulang', 2),
(521, '2023-05-15', '07:17:00', 'Masuk', 2),
(522, '2023-05-15', '16:32:00', 'Pulang', 2),
(523, '2023-05-16', '07:16:00', 'Masuk', 2),
(524, '2023-05-16', '16:29:00', 'Pulang', 2),
(525, '2023-05-17', '07:06:00', 'Masuk', 2),
(526, '2023-05-17', '16:36:00', 'Pulang', 2),
(527, '2023-05-18', '07:25:00', 'Masuk', 2),
(528, '2023-05-18', '16:18:00', 'Pulang', 2),
(529, '2023-05-19', '07:15:00', 'Masuk', 2),
(530, '2023-05-19', '16:21:00', 'Pulang', 2),
(531, '2023-05-22', '07:16:00', 'Masuk', 2),
(532, '2023-05-22', '16:15:00', 'Pulang', 2),
(533, '2023-05-23', '07:28:00', 'Masuk', 2),
(534, '2023-05-23', '16:06:00', 'Pulang', 2),
(535, '2023-05-24', '07:35:00', 'Masuk', 2),
(536, '2023-05-24', '16:21:00', 'Pulang', 2),
(537, '2023-05-25', '07:02:00', 'Masuk', 2),
(538, '2023-05-25', '16:39:00', 'Pulang', 2),
(539, '2023-05-26', '07:04:00', 'Masuk', 2),
(540, '2023-05-26', '16:43:00', 'Pulang', 2),
(541, '2023-05-29', '07:20:00', 'Masuk', 2),
(542, '2023-05-29', '16:19:00', 'Pulang', 2),
(543, '2023-05-30', '07:34:00', 'Masuk', 2),
(544, '2023-05-30', '16:20:00', 'Pulang', 2),
(545, '2023-05-31', '07:43:00', 'Masuk', 2),
(546, '2023-05-31', '16:21:00', 'Pulang', 2),
(547, '2023-06-01', '07:21:00', 'Masuk', 2),
(548, '2023-06-01', '16:43:00', 'Pulang', 2),
(549, '2023-06-02', '07:14:00', 'Masuk', 2),
(550, '2023-06-02', '16:33:00', 'Pulang', 2),
(551, '2023-06-05', '07:31:00', 'Masuk', 2),
(552, '2023-06-05', '16:12:00', 'Pulang', 2),
(553, '2023-06-06', '07:15:00', 'Masuk', 2),
(554, '2023-06-06', '16:37:00', 'Pulang', 2),
(555, '2023-06-07', '07:02:00', 'Masuk', 2),
(556, '2023-06-07', '16:37:00', 'Pulang', 2),
(557, '2023-06-08', '07:41:00', 'Masuk', 2),
(558, '2023-06-08', '16:04:00', 'Pulang', 2),
(559, '2023-06-09', '07:34:00', 'Masuk', 2),
(560, '2023-06-09', '16:23:00', 'Pulang', 2),
(561, '2023-06-12', '07:13:00', 'Masuk', 2),
(562, '2023-06-12', '16:41:00', 'Pulang', 2),
(563, '2023-06-13', '07:29:00', 'Masuk', 2),
(564, '2023-06-13', '16:23:00', 'Pulang', 2),
(565, '2023-06-14', '07:30:00', 'Masuk', 2),
(566, '2023-06-14', '16:32:00', 'Pulang', 2),
(567, '2023-06-15', '07:27:00', 'Masuk', 2),
(568, '2023-06-15', '16:40:00', 'Pulang', 2),
(569, '2023-06-16', '07:27:00', 'Masuk', 2),
(570, '2023-06-16', '16:15:00', 'Pulang', 2),
(571, '2023-06-19', '07:42:00', 'Masuk', 2),
(572, '2023-06-19', '16:28:00', 'Pulang', 2),
(573, '2023-06-20', '07:15:00', 'Masuk', 2),
(574, '2023-06-20', '16:35:00', 'Pulang', 2),
(575, '2023-06-21', '07:40:00', 'Masuk', 2),
(576, '2023-06-21', '16:04:00', 'Pulang', 2),
(577, '2023-06-22', '07:39:00', 'Masuk', 2),
(578, '2023-06-22', '16:43:00', 'Pulang', 2),
(579, '2023-06-23', '07:08:00', 'Masuk', 2),
(580, '2023-06-23', '16:04:00', 'Pulang', 2),
(581, '2023-06-26', '07:43:00', 'Masuk', 2),
(582, '2023-06-26', '16:18:00', 'Pulang', 2),
(583, '2023-06-27', '07:08:00', 'Masuk', 2),
(584, '2023-06-27', '16:32:00', 'Pulang', 2),
(585, '2023-06-28', '07:00:00', 'Masuk', 2),
(586, '2023-06-28', '16:42:00', 'Pulang', 2),
(587, '2023-06-29', '07:26:00', 'Masuk', 2),
(588, '2023-06-29', '16:03:00', 'Pulang', 2),
(589, '2023-06-30', '07:33:00', 'Masuk', 2),
(590, '2023-06-30', '16:16:00', 'Pulang', 2),
(591, '2023-07-03', '07:27:00', 'Masuk', 2),
(592, '2023-07-03', '16:44:00', 'Pulang', 2),
(593, '2023-07-04', '07:01:00', 'Masuk', 2),
(594, '2023-07-04', '16:11:00', 'Pulang', 2),
(595, '2023-07-05', '07:05:00', 'Masuk', 2),
(596, '2023-07-05', '16:38:00', 'Pulang', 2),
(597, '2023-07-06', '07:40:00', 'Masuk', 2),
(598, '2023-07-06', '16:40:00', 'Pulang', 2),
(599, '2023-07-07', '07:35:00', 'Masuk', 2),
(600, '2023-07-07', '16:08:00', 'Pulang', 2),
(601, '2023-07-10', '07:29:00', 'Masuk', 2),
(602, '2023-07-10', '16:27:00', 'Pulang', 2),
(603, '2023-07-11', '07:03:00', 'Masuk', 2),
(604, '2023-07-11', '16:29:00', 'Pulang', 2),
(605, '2023-07-12', '07:42:00', 'Masuk', 2),
(606, '2023-07-12', '16:34:00', 'Pulang', 2),
(607, '2023-07-13', '07:44:00', 'Masuk', 2),
(608, '2023-07-13', '16:27:00', 'Pulang', 2),
(609, '2023-07-14', '07:03:00', 'Masuk', 2),
(610, '2023-07-14', '16:25:00', 'Pulang', 2),
(611, '2023-07-17', '07:26:00', 'Masuk', 2),
(612, '2023-07-17', '16:08:00', 'Pulang', 2),
(613, '2023-07-18', '07:11:00', 'Masuk', 2),
(614, '2023-07-18', '16:30:00', 'Pulang', 2),
(615, '2023-07-19', '07:26:00', 'Masuk', 2),
(616, '2023-07-19', '16:39:00', 'Pulang', 2),
(617, '2023-07-20', '07:25:00', 'Masuk', 2),
(618, '2023-07-20', '16:07:00', 'Pulang', 2),
(619, '2023-07-21', '07:10:00', 'Masuk', 2),
(620, '2023-07-21', '16:27:00', 'Pulang', 2),
(621, '2023-07-24', '07:16:00', 'Masuk', 2),
(622, '2023-07-24', '16:43:00', 'Pulang', 2),
(623, '2023-07-25', '07:31:00', 'Masuk', 2),
(624, '2023-07-25', '16:25:00', 'Pulang', 2),
(625, '2023-07-26', '07:31:00', 'Masuk', 2),
(626, '2023-07-26', '16:37:00', 'Pulang', 2),
(627, '2023-07-27', '07:44:00', 'Masuk', 2),
(628, '2023-07-27', '16:21:00', 'Pulang', 2),
(629, '2023-07-28', '07:17:00', 'Masuk', 2),
(630, '2023-07-28', '16:25:00', 'Pulang', 2),
(631, '2023-07-31', '07:27:00', 'Masuk', 2),
(632, '2023-07-31', '16:16:00', 'Pulang', 2),
(633, '2023-08-01', '07:45:00', 'Masuk', 2),
(634, '2023-08-01', '16:40:00', 'Pulang', 2),
(635, '2023-08-02', '07:19:00', 'Masuk', 2),
(636, '2023-08-02', '16:23:00', 'Pulang', 2),
(637, '2023-08-03', '07:10:00', 'Masuk', 2),
(638, '2023-08-03', '16:29:00', 'Pulang', 2),
(639, '2023-08-04', '07:23:00', 'Masuk', 2),
(640, '2023-08-04', '16:28:00', 'Pulang', 2),
(641, '2023-08-07', '07:26:00', 'Masuk', 2),
(642, '2023-08-07', '16:45:00', 'Pulang', 2),
(643, '2023-08-08', '07:10:00', 'Masuk', 2),
(644, '2023-08-08', '16:06:00', 'Pulang', 2),
(645, '2023-08-09', '07:04:00', 'Masuk', 2),
(646, '2023-08-09', '16:45:00', 'Pulang', 2),
(647, '2023-08-10', '07:31:00', 'Masuk', 2),
(648, '2023-08-10', '16:22:00', 'Pulang', 2),
(649, '2023-08-11', '07:18:00', 'Masuk', 2),
(650, '2023-08-11', '16:23:00', 'Pulang', 2),
(651, '2023-08-14', '07:15:00', 'Masuk', 2),
(652, '2023-08-14', '16:09:00', 'Pulang', 2),
(653, '2023-08-15', '07:45:00', 'Masuk', 2),
(654, '2023-08-15', '16:15:00', 'Pulang', 2),
(655, '2023-08-16', '07:32:00', 'Masuk', 2),
(656, '2023-08-16', '16:25:00', 'Pulang', 2),
(657, '2023-08-17', '07:28:00', 'Masuk', 2),
(658, '2023-08-17', '16:21:00', 'Pulang', 2),
(659, '2023-08-18', '07:22:00', 'Masuk', 2),
(660, '2023-08-18', '16:01:00', 'Pulang', 2),
(661, '2023-01-02', '07:00:00', 'Masuk', 3),
(662, '2023-01-02', '16:16:00', 'Pulang', 3),
(663, '2023-01-03', '07:32:00', 'Masuk', 3),
(664, '2023-01-03', '16:21:00', 'Pulang', 3),
(665, '2023-01-04', '07:08:00', 'Masuk', 3),
(666, '2023-01-04', '16:24:00', 'Pulang', 3),
(667, '2023-01-05', '07:05:00', 'Masuk', 3),
(668, '2023-01-05', '16:00:00', 'Pulang', 3),
(669, '2023-01-06', '07:31:00', 'Masuk', 3),
(670, '2023-01-06', '16:18:00', 'Pulang', 3),
(671, '2023-01-09', '07:42:00', 'Masuk', 3),
(672, '2023-01-09', '16:21:00', 'Pulang', 3),
(673, '2023-01-10', '07:25:00', 'Masuk', 3),
(674, '2023-01-10', '16:16:00', 'Pulang', 3),
(675, '2023-01-11', '07:08:00', 'Masuk', 3),
(676, '2023-01-11', '16:35:00', 'Pulang', 3),
(677, '2023-01-12', '07:14:00', 'Masuk', 3),
(678, '2023-01-12', '16:10:00', 'Pulang', 3),
(679, '2023-01-13', '07:10:00', 'Masuk', 3),
(680, '2023-01-13', '16:18:00', 'Pulang', 3),
(681, '2023-01-16', '07:18:00', 'Masuk', 3),
(682, '2023-01-16', '16:36:00', 'Pulang', 3),
(683, '2023-01-17', '07:35:00', 'Masuk', 3),
(684, '2023-01-17', '16:22:00', 'Pulang', 3),
(685, '2023-01-18', '07:03:00', 'Masuk', 3),
(686, '2023-01-18', '16:44:00', 'Pulang', 3),
(687, '2023-01-19', '07:25:00', 'Masuk', 3),
(688, '2023-01-19', '16:39:00', 'Pulang', 3),
(689, '2023-01-20', '07:31:00', 'Masuk', 3),
(690, '2023-01-20', '16:38:00', 'Pulang', 3),
(691, '2023-01-23', '07:06:00', 'Masuk', 3),
(692, '2023-01-23', '16:09:00', 'Pulang', 3),
(693, '2023-01-24', '07:27:00', 'Masuk', 3),
(694, '2023-01-24', '16:17:00', 'Pulang', 3),
(695, '2023-01-25', '07:03:00', 'Masuk', 3),
(696, '2023-01-25', '16:13:00', 'Pulang', 3),
(697, '2023-01-26', '07:10:00', 'Masuk', 3),
(698, '2023-01-26', '16:09:00', 'Pulang', 3),
(699, '2023-01-27', '07:18:00', 'Masuk', 3),
(700, '2023-01-27', '16:17:00', 'Pulang', 3),
(701, '2023-01-30', '07:33:00', 'Masuk', 3),
(702, '2023-01-30', '16:21:00', 'Pulang', 3),
(703, '2023-01-31', '07:05:00', 'Masuk', 3),
(704, '2023-01-31', '16:11:00', 'Pulang', 3),
(705, '2023-02-01', '07:41:00', 'Masuk', 3),
(706, '2023-02-01', '16:33:00', 'Pulang', 3),
(707, '2023-02-02', '07:43:00', 'Masuk', 3),
(708, '2023-02-02', '16:25:00', 'Pulang', 3),
(709, '2023-02-03', '07:44:00', 'Masuk', 3),
(710, '2023-02-03', '16:05:00', 'Pulang', 3),
(711, '2023-02-06', '07:30:00', 'Masuk', 3),
(712, '2023-02-06', '16:01:00', 'Pulang', 3),
(713, '2023-02-07', '07:06:00', 'Masuk', 3),
(714, '2023-02-07', '16:29:00', 'Pulang', 3),
(715, '2023-02-08', '07:34:00', 'Masuk', 3),
(716, '2023-02-08', '16:37:00', 'Pulang', 3),
(717, '2023-02-09', '07:40:00', 'Masuk', 3),
(718, '2023-02-09', '16:40:00', 'Pulang', 3),
(719, '2023-02-10', '07:37:00', 'Masuk', 3),
(720, '2023-02-10', '16:20:00', 'Pulang', 3),
(721, '2023-02-13', '07:36:00', 'Masuk', 3),
(722, '2023-02-13', '16:26:00', 'Pulang', 3),
(723, '2023-02-14', '07:23:00', 'Masuk', 3),
(724, '2023-02-14', '16:36:00', 'Pulang', 3),
(725, '2023-02-15', '07:22:00', 'Masuk', 3),
(726, '2023-02-15', '16:01:00', 'Pulang', 3),
(727, '2023-02-16', '07:32:00', 'Masuk', 3),
(728, '2023-02-16', '16:19:00', 'Pulang', 3),
(729, '2023-02-17', '07:01:00', 'Masuk', 3),
(730, '2023-02-17', '16:41:00', 'Pulang', 3),
(731, '2023-02-20', '07:18:00', 'Masuk', 3),
(732, '2023-02-20', '16:15:00', 'Pulang', 3),
(733, '2023-02-21', '07:19:00', 'Masuk', 3),
(734, '2023-02-21', '16:06:00', 'Pulang', 3),
(735, '2023-02-22', '07:20:00', 'Masuk', 3),
(736, '2023-02-22', '16:34:00', 'Pulang', 3),
(737, '2023-02-23', '07:20:00', 'Masuk', 3),
(738, '2023-02-23', '16:44:00', 'Pulang', 3),
(739, '2023-02-24', '07:23:00', 'Masuk', 3),
(740, '2023-02-24', '16:30:00', 'Pulang', 3),
(741, '2023-02-27', '07:36:00', 'Masuk', 3),
(742, '2023-02-27', '16:45:00', 'Pulang', 3),
(743, '2023-02-28', '07:25:00', 'Masuk', 3),
(744, '2023-02-28', '16:35:00', 'Pulang', 3),
(745, '2023-03-01', '07:08:00', 'Masuk', 3),
(746, '2023-03-01', '16:30:00', 'Pulang', 3),
(747, '2023-03-02', '07:35:00', 'Masuk', 3),
(748, '2023-03-02', '16:39:00', 'Pulang', 3),
(749, '2023-03-03', '07:44:00', 'Masuk', 3),
(750, '2023-03-03', '16:10:00', 'Pulang', 3),
(751, '2023-03-06', '07:11:00', 'Masuk', 3),
(752, '2023-03-06', '16:27:00', 'Pulang', 3),
(753, '2023-03-07', '07:08:00', 'Masuk', 3),
(754, '2023-03-07', '16:07:00', 'Pulang', 3),
(755, '2023-03-08', '07:10:00', 'Masuk', 3),
(756, '2023-03-08', '16:29:00', 'Pulang', 3),
(757, '2023-03-09', '07:23:00', 'Masuk', 3),
(758, '2023-03-09', '16:29:00', 'Pulang', 3),
(759, '2023-03-10', '07:29:00', 'Masuk', 3),
(760, '2023-03-10', '16:13:00', 'Pulang', 3),
(761, '2023-03-13', '07:26:00', 'Masuk', 3),
(762, '2023-03-13', '16:44:00', 'Pulang', 3),
(763, '2023-03-14', '07:05:00', 'Masuk', 3),
(764, '2023-03-14', '16:32:00', 'Pulang', 3),
(765, '2023-03-15', '07:08:00', 'Masuk', 3),
(766, '2023-03-15', '16:38:00', 'Pulang', 3),
(767, '2023-03-16', '07:26:00', 'Masuk', 3),
(768, '2023-03-16', '16:19:00', 'Pulang', 3),
(769, '2023-03-17', '07:16:00', 'Masuk', 3),
(770, '2023-03-17', '16:24:00', 'Pulang', 3),
(771, '2023-03-20', '07:26:00', 'Masuk', 3),
(772, '2023-03-20', '16:13:00', 'Pulang', 3),
(773, '2023-03-21', '07:35:00', 'Masuk', 3),
(774, '2023-03-21', '16:43:00', 'Pulang', 3),
(775, '2023-03-22', '07:19:00', 'Masuk', 3),
(776, '2023-03-22', '16:12:00', 'Pulang', 3),
(777, '2023-03-23', '07:05:00', 'Masuk', 3),
(778, '2023-03-23', '16:36:00', 'Pulang', 3),
(779, '2023-03-24', '07:26:00', 'Masuk', 3),
(780, '2023-03-24', '16:22:00', 'Pulang', 3),
(781, '2023-03-27', '07:34:00', 'Masuk', 3),
(782, '2023-03-27', '16:12:00', 'Pulang', 3),
(783, '2023-03-28', '07:06:00', 'Masuk', 3),
(784, '2023-03-28', '16:40:00', 'Pulang', 3),
(785, '2023-03-29', '07:00:00', 'Masuk', 3),
(786, '2023-03-29', '16:18:00', 'Pulang', 3),
(787, '2023-03-30', '07:43:00', 'Masuk', 3),
(788, '2023-03-30', '16:25:00', 'Pulang', 3),
(789, '2023-03-31', '07:41:00', 'Masuk', 3),
(790, '2023-03-31', '16:40:00', 'Pulang', 3),
(791, '2023-04-03', '07:33:00', 'Masuk', 3),
(792, '2023-04-03', '16:43:00', 'Pulang', 3),
(793, '2023-04-04', '07:24:00', 'Masuk', 3),
(794, '2023-04-04', '16:37:00', 'Pulang', 3),
(795, '2023-04-05', '07:24:00', 'Masuk', 3),
(796, '2023-04-05', '16:10:00', 'Pulang', 3),
(797, '2023-04-06', '07:22:00', 'Masuk', 3),
(798, '2023-04-06', '16:34:00', 'Pulang', 3),
(799, '2023-04-07', '07:13:00', 'Masuk', 3),
(800, '2023-04-07', '16:10:00', 'Pulang', 3),
(801, '2023-04-10', '07:11:00', 'Masuk', 3),
(802, '2023-04-10', '16:28:00', 'Pulang', 3),
(803, '2023-04-11', '07:13:00', 'Masuk', 3),
(804, '2023-04-11', '16:28:00', 'Pulang', 3),
(805, '2023-04-12', '07:09:00', 'Masuk', 3),
(806, '2023-04-12', '16:06:00', 'Pulang', 3),
(807, '2023-04-13', '07:05:00', 'Masuk', 3),
(808, '2023-04-13', '16:08:00', 'Pulang', 3),
(809, '2023-04-14', '07:23:00', 'Masuk', 3),
(810, '2023-04-14', '16:02:00', 'Pulang', 3),
(811, '2023-04-17', '07:32:00', 'Masuk', 3),
(812, '2023-04-17', '16:18:00', 'Pulang', 3),
(813, '2023-04-18', '07:40:00', 'Masuk', 3),
(814, '2023-04-18', '16:09:00', 'Pulang', 3),
(815, '2023-04-19', '07:15:00', 'Masuk', 3),
(816, '2023-04-19', '16:04:00', 'Pulang', 3),
(817, '2023-04-20', '07:23:00', 'Masuk', 3),
(818, '2023-04-20', '16:10:00', 'Pulang', 3),
(819, '2023-04-21', '07:26:00', 'Masuk', 3),
(820, '2023-04-21', '16:11:00', 'Pulang', 3),
(821, '2023-04-24', '07:22:00', 'Masuk', 3),
(822, '2023-04-24', '16:32:00', 'Pulang', 3),
(823, '2023-04-25', '07:02:00', 'Masuk', 3),
(824, '2023-04-25', '16:07:00', 'Pulang', 3),
(825, '2023-04-26', '07:28:00', 'Masuk', 3),
(826, '2023-04-26', '16:28:00', 'Pulang', 3),
(827, '2023-04-27', '07:11:00', 'Masuk', 3),
(828, '2023-04-27', '16:19:00', 'Pulang', 3),
(829, '2023-04-28', '07:14:00', 'Masuk', 3),
(830, '2023-04-28', '16:13:00', 'Pulang', 3),
(831, '2023-05-01', '07:24:00', 'Masuk', 3),
(832, '2023-05-01', '16:34:00', 'Pulang', 3),
(833, '2023-05-02', '07:10:00', 'Masuk', 3),
(834, '2023-05-02', '16:37:00', 'Pulang', 3),
(835, '2023-05-03', '07:18:00', 'Masuk', 3),
(836, '2023-05-03', '16:28:00', 'Pulang', 3),
(837, '2023-05-04', '07:37:00', 'Masuk', 3),
(838, '2023-05-04', '16:13:00', 'Pulang', 3),
(839, '2023-05-05', '07:43:00', 'Masuk', 3),
(840, '2023-05-05', '16:42:00', 'Pulang', 3),
(841, '2023-05-08', '07:34:00', 'Masuk', 3),
(842, '2023-05-08', '16:43:00', 'Pulang', 3),
(843, '2023-05-09', '07:23:00', 'Masuk', 3),
(844, '2023-05-09', '16:34:00', 'Pulang', 3),
(845, '2023-05-10', '07:10:00', 'Masuk', 3),
(846, '2023-05-10', '16:38:00', 'Pulang', 3),
(847, '2023-05-11', '07:23:00', 'Masuk', 3),
(848, '2023-05-11', '16:03:00', 'Pulang', 3),
(849, '2023-05-12', '07:38:00', 'Masuk', 3),
(850, '2023-05-12', '16:42:00', 'Pulang', 3),
(851, '2023-05-15', '07:05:00', 'Masuk', 3),
(852, '2023-05-15', '16:39:00', 'Pulang', 3),
(853, '2023-05-16', '07:43:00', 'Masuk', 3),
(854, '2023-05-16', '16:04:00', 'Pulang', 3),
(855, '2023-05-17', '07:32:00', 'Masuk', 3),
(856, '2023-05-17', '16:10:00', 'Pulang', 3),
(857, '2023-05-18', '07:00:00', 'Masuk', 3),
(858, '2023-05-18', '16:16:00', 'Pulang', 3),
(859, '2023-05-19', '07:35:00', 'Masuk', 3),
(860, '2023-05-19', '16:37:00', 'Pulang', 3),
(861, '2023-05-22', '07:33:00', 'Masuk', 3),
(862, '2023-05-22', '16:07:00', 'Pulang', 3),
(863, '2023-05-23', '07:31:00', 'Masuk', 3),
(864, '2023-05-23', '16:41:00', 'Pulang', 3),
(865, '2023-05-24', '07:20:00', 'Masuk', 3),
(866, '2023-05-24', '16:23:00', 'Pulang', 3),
(867, '2023-05-25', '07:10:00', 'Masuk', 3),
(868, '2023-05-25', '16:29:00', 'Pulang', 3),
(869, '2023-05-26', '07:22:00', 'Masuk', 3),
(870, '2023-05-26', '16:23:00', 'Pulang', 3),
(871, '2023-05-29', '07:04:00', 'Masuk', 3),
(872, '2023-05-29', '16:45:00', 'Pulang', 3),
(873, '2023-05-30', '07:29:00', 'Masuk', 3),
(874, '2023-05-30', '16:12:00', 'Pulang', 3),
(875, '2023-05-31', '07:16:00', 'Masuk', 3),
(876, '2023-05-31', '16:02:00', 'Pulang', 3),
(877, '2023-06-01', '07:06:00', 'Masuk', 3),
(878, '2023-06-01', '16:26:00', 'Pulang', 3),
(879, '2023-06-02', '07:22:00', 'Masuk', 3),
(880, '2023-06-02', '16:30:00', 'Pulang', 3),
(881, '2023-06-05', '07:38:00', 'Masuk', 3),
(882, '2023-06-05', '16:09:00', 'Pulang', 3),
(883, '2023-06-06', '07:23:00', 'Masuk', 3),
(884, '2023-06-06', '16:42:00', 'Pulang', 3),
(885, '2023-06-07', '07:06:00', 'Masuk', 3),
(886, '2023-06-07', '16:42:00', 'Pulang', 3),
(887, '2023-06-08', '07:08:00', 'Masuk', 3),
(888, '2023-06-08', '16:06:00', 'Pulang', 3),
(889, '2023-06-09', '07:09:00', 'Masuk', 3),
(890, '2023-06-09', '16:24:00', 'Pulang', 3),
(891, '2023-06-12', '07:04:00', 'Masuk', 3),
(892, '2023-06-12', '16:39:00', 'Pulang', 3),
(893, '2023-06-13', '07:01:00', 'Masuk', 3),
(894, '2023-06-13', '16:24:00', 'Pulang', 3),
(895, '2023-06-14', '07:29:00', 'Masuk', 3),
(896, '2023-06-14', '16:24:00', 'Pulang', 3),
(897, '2023-06-15', '07:35:00', 'Masuk', 3),
(898, '2023-06-15', '16:12:00', 'Pulang', 3),
(899, '2023-06-16', '07:01:00', 'Masuk', 3),
(900, '2023-06-16', '16:16:00', 'Pulang', 3),
(901, '2023-06-19', '07:31:00', 'Masuk', 3),
(902, '2023-06-19', '16:16:00', 'Pulang', 3),
(903, '2023-06-20', '07:32:00', 'Masuk', 3),
(904, '2023-06-20', '16:23:00', 'Pulang', 3),
(905, '2023-06-21', '07:19:00', 'Masuk', 3),
(906, '2023-06-21', '16:28:00', 'Pulang', 3),
(907, '2023-06-22', '07:36:00', 'Masuk', 3),
(908, '2023-06-22', '16:06:00', 'Pulang', 3),
(909, '2023-06-23', '07:12:00', 'Masuk', 3),
(910, '2023-06-23', '16:42:00', 'Pulang', 3),
(911, '2023-06-26', '07:40:00', 'Masuk', 3),
(912, '2023-06-26', '16:26:00', 'Pulang', 3),
(913, '2023-06-27', '07:10:00', 'Masuk', 3),
(914, '2023-06-27', '16:17:00', 'Pulang', 3),
(915, '2023-06-28', '07:12:00', 'Masuk', 3),
(916, '2023-06-28', '16:07:00', 'Pulang', 3),
(917, '2023-06-29', '07:01:00', 'Masuk', 3),
(918, '2023-06-29', '16:29:00', 'Pulang', 3),
(919, '2023-06-30', '07:05:00', 'Masuk', 3),
(920, '2023-06-30', '16:29:00', 'Pulang', 3),
(921, '2023-07-03', '07:39:00', 'Masuk', 3),
(922, '2023-07-03', '16:17:00', 'Pulang', 3),
(923, '2023-07-04', '07:15:00', 'Masuk', 3),
(924, '2023-07-04', '16:24:00', 'Pulang', 3),
(925, '2023-07-05', '07:30:00', 'Masuk', 3),
(926, '2023-07-05', '16:32:00', 'Pulang', 3),
(927, '2023-07-06', '07:27:00', 'Masuk', 3),
(928, '2023-07-06', '16:37:00', 'Pulang', 3),
(929, '2023-07-07', '07:11:00', 'Masuk', 3),
(930, '2023-07-07', '16:39:00', 'Pulang', 3),
(931, '2023-07-10', '07:24:00', 'Masuk', 3),
(932, '2023-07-10', '16:04:00', 'Pulang', 3),
(933, '2023-07-11', '07:39:00', 'Masuk', 3),
(934, '2023-07-11', '16:45:00', 'Pulang', 3),
(935, '2023-07-12', '07:18:00', 'Masuk', 3),
(936, '2023-07-12', '16:45:00', 'Pulang', 3),
(937, '2023-07-13', '07:36:00', 'Masuk', 3),
(938, '2023-07-13', '16:00:00', 'Pulang', 3),
(939, '2023-07-14', '07:29:00', 'Masuk', 3),
(940, '2023-07-14', '16:07:00', 'Pulang', 3),
(941, '2023-07-17', '07:43:00', 'Masuk', 3),
(942, '2023-07-17', '16:10:00', 'Pulang', 3),
(943, '2023-07-18', '07:15:00', 'Masuk', 3),
(944, '2023-07-18', '16:43:00', 'Pulang', 3),
(945, '2023-07-19', '07:32:00', 'Masuk', 3),
(946, '2023-07-19', '16:32:00', 'Pulang', 3),
(947, '2023-07-20', '07:20:00', 'Masuk', 3),
(948, '2023-07-20', '16:04:00', 'Pulang', 3),
(949, '2023-07-21', '07:06:00', 'Masuk', 3),
(950, '2023-07-21', '16:21:00', 'Pulang', 3),
(951, '2023-07-24', '07:38:00', 'Masuk', 3),
(952, '2023-07-24', '16:38:00', 'Pulang', 3),
(953, '2023-07-25', '07:28:00', 'Masuk', 3),
(954, '2023-07-25', '16:30:00', 'Pulang', 3),
(955, '2023-07-26', '07:18:00', 'Masuk', 3),
(956, '2023-07-26', '16:00:00', 'Pulang', 3),
(957, '2023-07-27', '07:38:00', 'Masuk', 3),
(958, '2023-07-27', '16:08:00', 'Pulang', 3),
(959, '2023-07-28', '07:20:00', 'Masuk', 3),
(960, '2023-07-28', '16:28:00', 'Pulang', 3),
(961, '2023-07-31', '07:35:00', 'Masuk', 3),
(962, '2023-07-31', '16:00:00', 'Pulang', 3),
(963, '2023-08-01', '07:35:00', 'Masuk', 3),
(964, '2023-08-01', '16:37:00', 'Pulang', 3),
(965, '2023-08-02', '07:33:00', 'Masuk', 3),
(966, '2023-08-02', '16:10:00', 'Pulang', 3),
(967, '2023-08-03', '07:44:00', 'Masuk', 3),
(968, '2023-08-03', '16:04:00', 'Pulang', 3),
(969, '2023-08-04', '07:30:00', 'Masuk', 3),
(970, '2023-08-04', '16:43:00', 'Pulang', 3),
(971, '2023-08-07', '07:37:00', 'Masuk', 3),
(972, '2023-08-07', '16:09:00', 'Pulang', 3),
(973, '2023-08-08', '07:25:00', 'Masuk', 3),
(974, '2023-08-08', '16:06:00', 'Pulang', 3),
(975, '2023-08-09', '07:03:00', 'Masuk', 3),
(976, '2023-08-09', '16:42:00', 'Pulang', 3),
(977, '2023-08-10', '07:18:00', 'Masuk', 3),
(978, '2023-08-10', '16:13:00', 'Pulang', 3),
(979, '2023-08-11', '07:08:00', 'Masuk', 3),
(980, '2023-08-11', '16:03:00', 'Pulang', 3),
(981, '2023-08-14', '07:38:00', 'Masuk', 3),
(982, '2023-08-14', '16:41:00', 'Pulang', 3),
(983, '2023-08-15', '07:02:00', 'Masuk', 3),
(984, '2023-08-15', '16:26:00', 'Pulang', 3),
(985, '2023-08-16', '07:31:00', 'Masuk', 3),
(986, '2023-08-16', '16:33:00', 'Pulang', 3),
(987, '2023-08-17', '07:25:00', 'Masuk', 3),
(988, '2023-08-17', '16:26:00', 'Pulang', 3),
(989, '2023-08-18', '07:11:00', 'Masuk', 3),
(990, '2023-08-18', '16:24:00', 'Pulang', 3),
(991, '2023-06-01', '07:43:00', 'Masuk', 4),
(992, '2023-06-01', '16:15:00', 'Pulang', 4),
(993, '2023-06-02', '07:37:00', 'Masuk', 4),
(994, '2023-06-02', '16:01:00', 'Pulang', 4),
(995, '2023-06-05', '07:35:00', 'Masuk', 4),
(996, '2023-06-05', '16:31:00', 'Pulang', 4),
(997, '2023-06-06', '07:08:00', 'Masuk', 4),
(998, '2023-06-06', '16:38:00', 'Pulang', 4),
(999, '2023-06-07', '07:29:00', 'Masuk', 4),
(1000, '2023-06-07', '16:30:00', 'Pulang', 4),
(1001, '2023-06-08', '07:20:00', 'Masuk', 4),
(1002, '2023-06-08', '16:11:00', 'Pulang', 4),
(1003, '2023-06-09', '07:39:00', 'Masuk', 4),
(1004, '2023-06-09', '16:24:00', 'Pulang', 4),
(1005, '2023-06-12', '07:03:00', 'Masuk', 4),
(1006, '2023-06-12', '16:35:00', 'Pulang', 4),
(1007, '2023-06-13', '07:28:00', 'Masuk', 4),
(1008, '2023-06-13', '16:36:00', 'Pulang', 4),
(1009, '2023-06-14', '07:05:00', 'Masuk', 4),
(1010, '2023-06-14', '16:10:00', 'Pulang', 4),
(1011, '2023-06-15', '07:35:00', 'Masuk', 4),
(1012, '2023-06-15', '16:07:00', 'Pulang', 4),
(1013, '2023-06-16', '07:22:00', 'Masuk', 4),
(1014, '2023-06-16', '16:45:00', 'Pulang', 4),
(1015, '2023-06-19', '07:22:00', 'Masuk', 4),
(1016, '2023-06-19', '16:19:00', 'Pulang', 4),
(1017, '2023-06-20', '07:32:00', 'Masuk', 4),
(1018, '2023-06-20', '16:11:00', 'Pulang', 4),
(1019, '2023-06-21', '07:05:00', 'Masuk', 4),
(1020, '2023-06-21', '16:40:00', 'Pulang', 4),
(1021, '2023-06-22', '07:00:00', 'Masuk', 4),
(1022, '2023-06-22', '16:17:00', 'Pulang', 4),
(1023, '2023-06-23', '07:41:00', 'Masuk', 4),
(1024, '2023-06-23', '16:15:00', 'Pulang', 4),
(1025, '2023-06-26', '07:45:00', 'Masuk', 4),
(1026, '2023-06-26', '16:42:00', 'Pulang', 4),
(1027, '2023-06-27', '07:28:00', 'Masuk', 4),
(1028, '2023-06-27', '16:18:00', 'Pulang', 4),
(1029, '2023-06-28', '07:03:00', 'Masuk', 4),
(1030, '2023-06-28', '16:10:00', 'Pulang', 4),
(1031, '2023-06-29', '07:42:00', 'Masuk', 4),
(1032, '2023-06-29', '16:41:00', 'Pulang', 4),
(1033, '2023-06-30', '07:35:00', 'Masuk', 4),
(1034, '2023-06-30', '16:05:00', 'Pulang', 4),
(1035, '2023-07-03', '07:12:00', 'Masuk', 4),
(1036, '2023-07-03', '16:01:00', 'Pulang', 4),
(1037, '2023-07-04', '07:15:00', 'Masuk', 4),
(1038, '2023-07-04', '16:27:00', 'Pulang', 4),
(1039, '2023-07-05', '07:00:00', 'Masuk', 4),
(1040, '2023-07-05', '16:09:00', 'Pulang', 4),
(1041, '2023-07-06', '07:45:00', 'Masuk', 4),
(1042, '2023-07-06', '16:15:00', 'Pulang', 4),
(1043, '2023-07-07', '07:35:00', 'Masuk', 4),
(1044, '2023-07-07', '16:36:00', 'Pulang', 4),
(1045, '2023-07-10', '07:30:00', 'Masuk', 4),
(1046, '2023-07-10', '16:41:00', 'Pulang', 4),
(1047, '2023-07-11', '07:23:00', 'Masuk', 4),
(1048, '2023-07-11', '16:39:00', 'Pulang', 4),
(1049, '2023-07-12', '07:34:00', 'Masuk', 4),
(1050, '2023-07-12', '16:10:00', 'Pulang', 4),
(1051, '2023-07-13', '07:37:00', 'Masuk', 4),
(1052, '2023-07-13', '16:20:00', 'Pulang', 4),
(1053, '2023-07-14', '07:34:00', 'Masuk', 4),
(1054, '2023-07-14', '16:20:00', 'Pulang', 4),
(1055, '2023-07-17', '07:43:00', 'Masuk', 4),
(1056, '2023-07-17', '16:19:00', 'Pulang', 4),
(1057, '2023-07-18', '07:10:00', 'Masuk', 4),
(1058, '2023-07-18', '16:42:00', 'Pulang', 4),
(1059, '2023-07-19', '07:43:00', 'Masuk', 4),
(1060, '2023-07-19', '16:42:00', 'Pulang', 4),
(1061, '2023-07-20', '07:36:00', 'Masuk', 4),
(1062, '2023-07-20', '16:08:00', 'Pulang', 4),
(1063, '2023-07-21', '07:23:00', 'Masuk', 4),
(1064, '2023-07-21', '16:45:00', 'Pulang', 4),
(1065, '2023-07-24', '07:21:00', 'Masuk', 4),
(1066, '2023-07-24', '16:18:00', 'Pulang', 4),
(1067, '2023-07-25', '07:24:00', 'Masuk', 4),
(1068, '2023-07-25', '16:22:00', 'Pulang', 4),
(1069, '2023-07-26', '07:39:00', 'Masuk', 4),
(1070, '2023-07-26', '16:38:00', 'Pulang', 4),
(1071, '2023-07-27', '07:27:00', 'Masuk', 4),
(1072, '2023-07-27', '16:24:00', 'Pulang', 4),
(1073, '2023-07-28', '07:36:00', 'Masuk', 4),
(1074, '2023-07-28', '16:16:00', 'Pulang', 4),
(1075, '2023-07-31', '07:18:00', 'Masuk', 4),
(1076, '2023-07-31', '16:44:00', 'Pulang', 4),
(1077, '2023-08-01', '07:29:00', 'Masuk', 4),
(1078, '2023-08-01', '16:11:00', 'Pulang', 4),
(1079, '2023-08-02', '07:17:00', 'Masuk', 4),
(1080, '2023-08-02', '16:04:00', 'Pulang', 4),
(1081, '2023-08-03', '07:15:00', 'Masuk', 4),
(1082, '2023-08-03', '16:20:00', 'Pulang', 4),
(1083, '2023-08-04', '07:09:00', 'Masuk', 4),
(1084, '2023-08-04', '16:31:00', 'Pulang', 4),
(1085, '2023-08-07', '07:36:00', 'Masuk', 4),
(1086, '2023-08-07', '16:43:00', 'Pulang', 4),
(1087, '2023-08-08', '07:16:00', 'Masuk', 4),
(1088, '2023-08-08', '16:43:00', 'Pulang', 4),
(1089, '2023-08-09', '07:30:00', 'Masuk', 4),
(1090, '2023-08-09', '16:23:00', 'Pulang', 4),
(1091, '2023-08-10', '07:23:00', 'Masuk', 4),
(1092, '2023-08-10', '16:45:00', 'Pulang', 4),
(1093, '2023-08-11', '07:22:00', 'Masuk', 4),
(1094, '2023-08-11', '16:18:00', 'Pulang', 4),
(1095, '2023-08-14', '07:28:00', 'Masuk', 4),
(1096, '2023-08-14', '16:38:00', 'Pulang', 4),
(1097, '2023-08-15', '07:15:00', 'Masuk', 4),
(1098, '2023-08-15', '16:07:00', 'Pulang', 4),
(1099, '2023-08-16', '07:38:00', 'Masuk', 4),
(1100, '2023-08-16', '16:30:00', 'Pulang', 4),
(1101, '2023-08-17', '07:35:00', 'Masuk', 4),
(1102, '2023-08-17', '16:43:00', 'Pulang', 4),
(1103, '2023-08-18', '07:17:00', 'Masuk', 4),
(1104, '2023-08-18', '16:04:00', 'Pulang', 4);

-- --------------------------------------------------------

--
-- Table structure for table `divisi`
--

DROP TABLE IF EXISTS `divisi`;
CREATE TABLE IF NOT EXISTS `divisi` (
  `id_divisi` smallint NOT NULL AUTO_INCREMENT,
  `nama_divisi` varchar(50) NOT NULL,
  `gaji_pokok` int NOT NULL,
  `honor_lembur` int NOT NULL DEFAULT '0',
  PRIMARY KEY (`id_divisi`)
) ENGINE=InnoDB AUTO_INCREMENT=15 DEFAULT CHARSET=latin1;

--
-- Dumping data for table `divisi`
--

INSERT INTO `divisi` (`id_divisi`, `nama_divisi`, `gaji_pokok`, `honor_lembur`) VALUES
(1, 'Marketing', 2000000, 5000),
(2, 'IT ', 2500000, 5000),
(3, 'Akuntan', 3000000, 5000),
(4, 'Security', 1500000, 5000),
(5, 'HSE', 3200000, 5000),
(6, 'Produksi', 2600000, 5000),
(13, 'Human Resource', 3150000, 5000);

-- --------------------------------------------------------

--
-- Table structure for table `jam`
--

DROP TABLE IF EXISTS `jam`;
CREATE TABLE IF NOT EXISTS `jam` (
  `id_jam` tinyint(1) NOT NULL AUTO_INCREMENT,
  `start` time NOT NULL,
  `finish` time NOT NULL,
  `keterangan` enum('Masuk','Pulang') NOT NULL,
  PRIMARY KEY (`id_jam`)
) ENGINE=InnoDB AUTO_INCREMENT=3 DEFAULT CHARSET=latin1;

--
-- Dumping data for table `jam`
--

INSERT INTO `jam` (`id_jam`, `start`, `finish`, `keterangan`) VALUES
(1, '07:00:00', '07:45:00', 'Masuk'),
(2, '16:00:00', '16:45:00', 'Pulang');

-- --------------------------------------------------------

--
-- Table structure for table `lembur`
--

DROP TABLE IF EXISTS `lembur`;
CREATE TABLE IF NOT EXISTS `lembur` (
  `id_lembur` int NOT NULL AUTO_INCREMENT,
  `id_user` int NOT NULL,
  `tanggal` date NOT NULL,
  `jam_lembur` int NOT NULL DEFAULT '0',
  `bulan` int NOT NULL,
  `tahun` int NOT NULL,
  PRIMARY KEY (`id_lembur`),
  KEY `id_user` (`id_user`)
) ENGINE=MyISAM DEFAULT CHARSET=utf8mb4 COLLATE=utf8mb4_0900_ai_ci;

-- --------------------------------------------------------

--
-- Table structure for table `penggajian`
--

DROP TABLE IF EXISTS `penggajian`;
CREATE TABLE IF NOT EXISTS `penggajian` (
  `id_penggajian` int NOT NULL AUTO_INCREMENT,
  `id_user` smallint NOT NULL,
  `bulan` tinyint NOT NULL,
  `tahun` year NOT NULL,
  `gaji_pokok` int NOT NULL,
  `bonus` int DEFAULT '0',
  `potongan` int DEFAULT '0',
  `lembur` int NOT NULL DEFAULT '0',
  `total_gaji` int GENERATED ALWAYS AS (((`gaji_pokok` + `bonus`) - `potongan`)) VIRTUAL,
  PRIMARY KEY (`id_penggajian`),
  KEY `id_user` (`id_user`)
) ENGINE=InnoDB AUTO_INCREMENT=32 DEFAULT CHARSET=latin1;

--
-- Dumping data for table `penggajian`
--

INSERT INTO `penggajian` (`id_penggajian`, `id_user`, `bulan`, `tahun`, `gaji_pokok`, `bonus`, `potongan`, `lembur`) VALUES
(1, 1, 1, 2023, 2000000, 0, 0, 0),
(2, 2, 1, 2023, 2500000, 150000, 50000, 0),
(3, 3, 1, 2023, 2000000, 100000, 75000, 0),
(4, 1, 2, 2023, 2000000, 120000, 40000, 0),
(5, 2, 2, 2023, 2500000, 140000, 55000, 0),
(6, 3, 2, 2023, 2000000, 90000, 80000, 0),
(7, 1, 3, 2023, 2000000, 110000, 45000, 0),
(8, 2, 3, 2023, 2500000, 130000, 52000, 0),
(9, 3, 3, 2023, 2000000, 95000, 72000, 0),
(10, 1, 4, 2023, 2000000, 115000, 42000, 0),
(11, 2, 4, 2023, 2500000, 137000, 53000, 0),
(12, 3, 4, 2023, 2000000, 92000, 73000, 0),
(13, 1, 5, 2023, 2000000, 112000, 46000, 0),
(14, 2, 5, 2023, 2500000, 132000, 54000, 0),
(15, 3, 5, 2023, 2000000, 91000, 74000, 0),
(16, 1, 6, 2023, 2000000, 117000, 43000, 0),
(17, 2, 6, 2023, 2500000, 138000, 52000, 0),
(18, 3, 6, 2023, 2000000, 94000, 71000, 0),
(21, 1, 9, 2023, 2000000, 0, 0, 0),
(22, 2, 9, 2023, 2500000, 0, 0, 0),
(24, 1, 8, 2023, 2000000, 0, 0, 0),
(25, 2, 8, 2023, 2500000, 0, 0, 0),
(26, 3, 8, 2023, 2000000, 0, 0, 0),
(27, 4, 8, 2023, 3000000, 0, 0, 0);

-- --------------------------------------------------------

--
-- Table structure for table `users`
--

DROP TABLE IF EXISTS `users`;
CREATE TABLE IF NOT EXISTS `users` (
  `id_user` smallint NOT NULL AUTO_INCREMENT,
  `nik` varchar(20) NOT NULL,
  `nama` varchar(50) NOT NULL,
  `alamat` varchar(100) NOT NULL,
  `telp` varchar(15) NOT NULL,
  `email` varchar(50) NOT NULL,
  `foto` varchar(20) DEFAULT 'no-foto.png',
  `divisi` smallint DEFAULT NULL,
  `username` varchar(25) NOT NULL,
  `password` varchar(60) NOT NULL,
  `level` enum('Manager','Karyawan') NOT NULL DEFAULT 'Karyawan',
  PRIMARY KEY (`id_user`)
) ENGINE=InnoDB AUTO_INCREMENT=5 DEFAULT CHARSET=latin1;

--
-- Dumping data for table `users`
--

INSERT INTO `users` (`id_user`, `nik`, `nama`, `alamat`, `telp`, `email`, `foto`, `divisi`, `username`, `password`, `level`) VALUES
(1, '1001001', 'Junaidi', 'Jalan Adhyaksa', '08971137712', 'junaidi@gmail.com', '1691317781.png', 1, 'junaidi', '$2y$10$24GkCeAu7hA.07/BrfF0yuEqrIavNC8BXVKBOlsASOi6m96q4OV32', 'Manager'),
(2, '1001001', 'Mila Siti Salamah', 'Jalan Ratu Intan', '08115016727', 'milasitisalamah22@gmail.com', '1691317710.png', 2, 'mila', '$2y$10$mityfmTuTwXx59d784Lyh.2CBl29f1IacWTGL991Amtcy5d4Q7.yy', 'Karyawan'),
(3, '1001003', 'Purnomo', 'Jalan Salak', '081313131313', 'purnomo@gmail.com', '1691317865.png', 1, 'purnomo', '$2y$10$y/a1LlW17RrEL4nVa1ptSes5Mz2J6i1rcDgu.WPXQraRvyFvcB5mK', 'Karyawan'),
(4, '1001004', 'Ria Nayanti', 'Jalan Veteran', '085621002201', 'ria.yanti@gmail.com', '1692527779.png', 3, 'ria', '$2y$10$oh7URAxXARSpe08Nr3RDuejDTQvqzS.wE.pAnaIiqxmkQFFYVsCXy', 'Karyawan');

-- --------------------------------------------------------

--
-- Stand-in structure for view `view_lembur`
-- (See below for the actual view)
--
DROP VIEW IF EXISTS `view_lembur`;
CREATE TABLE IF NOT EXISTS `view_lembur` (
`id_user` int
,`bulan` int
,`tahun` int
,`total_lembur` decimal(45,4)
);

-- --------------------------------------------------------

--
-- Structure for view `view_lembur`
--
DROP TABLE IF EXISTS `view_lembur`;

DROP VIEW IF EXISTS `view_lembur`;
CREATE ALGORITHM=UNDEFINED DEFINER=`root`@`localhost` SQL SECURITY DEFINER VIEW `view_lembur`  AS SELECT `a`.`id_user` AS `id_user`, month(`a`.`tgl`) AS `bulan`, year(`a`.`tgl`) AS `tahun`, sum(((time_to_sec(timediff(`a`.`waktu`,`j`.`finish`)) / 3600) * `d`.`honor_lembur`)) AS `total_lembur` FROM (((`absensi` `a` join `jam` `j` on(((`a`.`keterangan` = `j`.`keterangan`) and (`a`.`waktu` > `j`.`finish`)))) join `users` `u` on((`a`.`id_user` = `u`.`id_user`))) join `divisi` `d` on((`u`.`divisi` = `d`.`id_divisi`))) WHERE (`a`.`keterangan` = 'Pulang') GROUP BY `a`.`id_user`, month(`a`.`tgl`), year(`a`.`tgl`)  ;

--
-- Constraints for dumped tables
--

--
-- Constraints for table `penggajian`
--
ALTER TABLE `penggajian`
  ADD CONSTRAINT `penggajian_ibfk_1` FOREIGN KEY (`id_user`) REFERENCES `users` (`id_user`);
COMMIT;

/*!40101 SET CHARACTER_SET_CLIENT=@OLD_CHARACTER_SET_CLIENT */;
/*!40101 SET CHARACTER_SET_RESULTS=@OLD_CHARACTER_SET_RESULTS */;
/*!40101 SET COLLATION_CONNECTION=@OLD_COLLATION_CONNECTION */;
