-- phpMyAdmin SQL Dump
-- version 5.2.0
-- https://www.phpmyadmin.net/
--
-- Host: 127.0.0.1:3306
-- Generation Time: Aug 20, 2023 at 04:11 AM
-- Server version: 8.0.31
-- PHP Version: 7.4.33

SET SQL_MODE = "NO_AUTO_VALUE_ON_ZERO";
START TRANSACTION;
SET time_zone = "+00:00";


/*!40101 SET @OLD_CHARACTER_SET_CLIENT=@@CHARACTER_SET_CLIENT */;
/*!40101 SET @OLD_CHARACTER_SET_RESULTS=@@CHARACTER_SET_RESULTS */;
/*!40101 SET @OLD_COLLATION_CONNECTION=@@COLLATION_CONNECTION */;
/*!40101 SET NAMES utf8mb4 */;

--
-- Database: `db_absensi`
--

DELIMITER $$
--
-- Procedures
--
DROP PROCEDURE IF EXISTS `InsertMonthlyAbsensi`$$
CREATE DEFINER=`root`@`localhost` PROCEDURE `InsertMonthlyAbsensi` (IN `userId` INT, IN `start_date` DATE, IN `end_date` DATE)   BEGIN
  DECLARE currentDate DATE;
  DECLARE currentDayName VARCHAR(10);
  DECLARE randomMinute INT;
  
  -- Mengatur tanggal awal berdasarkan input
  SET currentDate = start_date;
  
  WHILE currentDate <= end_date DO
    SET currentDayName = DAYNAME(currentDate);
    
    IF currentDayName NOT IN ('Saturday', 'Sunday') THEN
      -- Masukkan absen masuk dengan waktu acak antara 07:00 - 07:45
      SET randomMinute = FLOOR(RAND() * 46);
      INSERT INTO absensi(tgl, waktu, keterangan, id_user) 
      VALUES (currentDate, CONCAT('07:', LPAD(randomMinute, 2, '0'), ':00'), 'Masuk', userId);

      -- Masukkan absen pulang dengan waktu acak antara 16:00 - 16:45
      SET randomMinute = FLOOR(RAND() * 46);
      INSERT INTO absensi(tgl, waktu, keterangan, id_user) 
      VALUES (currentDate, CONCAT('16:', LPAD(randomMinute, 2, '0'), ':00'), 'Pulang', userId);
    END IF;
    
    SET currentDate = DATE_ADD(currentDate, INTERVAL 1 DAY);
  END WHILE;
END$$

DELIMITER ;

-- --------------------------------------------------------

--
-- Table structure for table `absensi`
--

DROP TABLE IF EXISTS `absensi`;
CREATE TABLE IF NOT EXISTS `absensi` (
  `id_absen` int NOT NULL AUTO_INCREMENT,
  `tgl` date NOT NULL,
  `waktu` time NOT NULL,
  `keterangan` enum('Masuk','Pulang') NOT NULL,
  `id_user` int NOT NULL,
  PRIMARY KEY (`id_absen`)
) ENGINE=InnoDB AUTO_INCREMENT=611 DEFAULT CHARSET=latin1;

--
-- Dumping data for table `absensi`
--

INSERT INTO `absensi` (`id_absen`, `tgl`, `waktu`, `keterangan`, `id_user`) VALUES
(1, '2023-04-03', '07:19:00', 'Masuk', 1),
(2, '2023-04-03', '16:14:00', 'Pulang', 1),
(3, '2023-04-04', '07:16:00', 'Masuk', 1),
(4, '2023-04-04', '16:37:00', 'Pulang', 1),
(5, '2023-04-05', '07:00:00', 'Masuk', 1),
(6, '2023-04-05', '16:28:00', 'Pulang', 1),
(7, '2023-04-06', '07:04:00', 'Masuk', 1),
(8, '2023-04-06', '16:28:00', 'Pulang', 1),
(9, '2023-04-07', '07:35:00', 'Masuk', 1),
(10, '2023-04-07', '16:44:00', 'Pulang', 1),
(11, '2023-04-10', '07:27:00', 'Masuk', 1),
(12, '2023-04-10', '16:02:00', 'Pulang', 1),
(13, '2023-04-11', '07:21:00', 'Masuk', 1),
(14, '2023-04-11', '16:09:00', 'Pulang', 1),
(15, '2023-04-12', '07:28:00', 'Masuk', 1),
(16, '2023-04-12', '16:21:00', 'Pulang', 1),
(17, '2023-04-13', '07:21:00', 'Masuk', 1),
(18, '2023-04-13', '16:42:00', 'Pulang', 1),
(19, '2023-04-14', '07:12:00', 'Masuk', 1),
(20, '2023-04-14', '16:26:00', 'Pulang', 1),
(21, '2023-04-17', '07:01:00', 'Masuk', 1),
(22, '2023-04-17', '16:22:00', 'Pulang', 1),
(23, '2023-04-18', '07:13:00', 'Masuk', 1),
(24, '2023-04-18', '16:45:00', 'Pulang', 1),
(25, '2023-04-19', '07:04:00', 'Masuk', 1),
(26, '2023-04-19', '16:24:00', 'Pulang', 1),
(27, '2023-04-20', '07:16:00', 'Masuk', 1),
(28, '2023-04-20', '16:10:00', 'Pulang', 1),
(29, '2023-04-21', '07:02:00', 'Masuk', 1),
(30, '2023-04-21', '16:26:00', 'Pulang', 1),
(31, '2023-04-24', '07:32:00', 'Masuk', 1),
(32, '2023-04-24', '16:36:00', 'Pulang', 1),
(33, '2023-04-25', '07:40:00', 'Masuk', 1),
(34, '2023-04-25', '16:00:00', 'Pulang', 1),
(35, '2023-04-26', '07:17:00', 'Masuk', 1),
(36, '2023-04-26', '16:43:00', 'Pulang', 1),
(37, '2023-04-27', '07:23:00', 'Masuk', 1),
(38, '2023-04-27', '16:34:00', 'Pulang', 1),
(39, '2023-04-28', '07:10:00', 'Masuk', 1),
(40, '2023-04-28', '16:40:00', 'Pulang', 1),
(41, '2023-05-01', '07:32:00', 'Masuk', 1),
(42, '2023-05-01', '16:40:00', 'Pulang', 1),
(43, '2023-05-02', '07:12:00', 'Masuk', 1),
(44, '2023-05-02', '16:33:00', 'Pulang', 1),
(45, '2023-05-03', '07:36:00', 'Masuk', 1),
(46, '2023-05-03', '16:38:00', 'Pulang', 1),
(47, '2023-05-04', '07:34:00', 'Masuk', 1),
(48, '2023-05-04', '16:12:00', 'Pulang', 1),
(49, '2023-05-05', '07:05:00', 'Masuk', 1),
(50, '2023-05-05', '16:36:00', 'Pulang', 1),
(51, '2023-05-08', '07:25:00', 'Masuk', 1),
(52, '2023-05-08', '16:18:00', 'Pulang', 1),
(53, '2023-05-09', '07:17:00', 'Masuk', 1),
(54, '2023-05-09', '16:30:00', 'Pulang', 1),
(55, '2023-05-10', '07:07:00', 'Masuk', 1),
(56, '2023-05-10', '16:40:00', 'Pulang', 1),
(57, '2023-05-11', '07:39:00', 'Masuk', 1),
(58, '2023-05-11', '16:30:00', 'Pulang', 1),
(59, '2023-05-12', '07:32:00', 'Masuk', 1),
(60, '2023-05-12', '16:26:00', 'Pulang', 1),
(61, '2023-05-15', '07:32:00', 'Masuk', 1),
(62, '2023-05-15', '16:39:00', 'Pulang', 1),
(63, '2023-05-16', '07:06:00', 'Masuk', 1),
(64, '2023-05-16', '16:08:00', 'Pulang', 1),
(65, '2023-05-17', '07:20:00', 'Masuk', 1),
(66, '2023-05-17', '16:32:00', 'Pulang', 1),
(67, '2023-05-18', '07:09:00', 'Masuk', 1),
(68, '2023-05-18', '16:42:00', 'Pulang', 1),
(69, '2023-05-19', '07:44:00', 'Masuk', 1),
(70, '2023-05-19', '16:03:00', 'Pulang', 1),
(71, '2023-05-22', '07:22:00', 'Masuk', 1),
(72, '2023-05-22', '16:09:00', 'Pulang', 1),
(73, '2023-05-23', '07:25:00', 'Masuk', 1),
(74, '2023-05-23', '16:08:00', 'Pulang', 1),
(75, '2023-05-24', '07:11:00', 'Masuk', 1),
(76, '2023-05-24', '16:33:00', 'Pulang', 1),
(77, '2023-05-25', '07:38:00', 'Masuk', 1),
(78, '2023-05-25', '16:45:00', 'Pulang', 1),
(79, '2023-05-26', '07:21:00', 'Masuk', 1),
(80, '2023-05-26', '16:18:00', 'Pulang', 1),
(81, '2023-05-29', '07:24:00', 'Masuk', 1),
(82, '2023-05-29', '16:23:00', 'Pulang', 1),
(83, '2023-05-30', '07:41:00', 'Masuk', 1),
(84, '2023-05-30', '16:01:00', 'Pulang', 1),
(85, '2023-05-31', '07:19:00', 'Masuk', 1),
(86, '2023-05-31', '16:00:00', 'Pulang', 1),
(87, '2023-06-01', '07:36:00', 'Masuk', 1),
(88, '2023-06-01', '16:44:00', 'Pulang', 1),
(89, '2023-06-02', '07:20:00', 'Masuk', 1),
(90, '2023-06-02', '16:15:00', 'Pulang', 1),
(91, '2023-06-05', '07:14:00', 'Masuk', 1),
(92, '2023-06-05', '16:27:00', 'Pulang', 1),
(93, '2023-06-06', '07:01:00', 'Masuk', 1),
(94, '2023-06-06', '16:16:00', 'Pulang', 1),
(95, '2023-06-07', '07:34:00', 'Masuk', 1),
(96, '2023-06-07', '16:27:00', 'Pulang', 1),
(97, '2023-06-08', '07:35:00', 'Masuk', 1),
(98, '2023-06-08', '16:01:00', 'Pulang', 1),
(99, '2023-06-09', '07:38:00', 'Masuk', 1),
(100, '2023-06-09', '16:03:00', 'Pulang', 1),
(101, '2023-06-12', '07:40:00', 'Masuk', 1),
(102, '2023-06-12', '16:08:00', 'Pulang', 1),
(103, '2023-06-13', '07:13:00', 'Masuk', 1),
(104, '2023-06-13', '16:41:00', 'Pulang', 1),
(105, '2023-06-14', '07:28:00', 'Masuk', 1),
(106, '2023-06-14', '16:16:00', 'Pulang', 1),
(107, '2023-06-15', '07:44:00', 'Masuk', 1),
(108, '2023-06-15', '16:35:00', 'Pulang', 1),
(109, '2023-06-16', '07:41:00', 'Masuk', 1),
(110, '2023-06-16', '16:10:00', 'Pulang', 1),
(111, '2023-06-19', '07:21:00', 'Masuk', 1),
(112, '2023-06-19', '16:30:00', 'Pulang', 1),
(113, '2023-06-20', '07:41:00', 'Masuk', 1),
(114, '2023-06-20', '16:22:00', 'Pulang', 1),
(115, '2023-06-21', '07:33:00', 'Masuk', 1),
(116, '2023-06-21', '16:07:00', 'Pulang', 1),
(117, '2023-06-22', '07:30:00', 'Masuk', 1),
(118, '2023-06-22', '16:37:00', 'Pulang', 1),
(119, '2023-06-23', '07:02:00', 'Masuk', 1),
(120, '2023-06-23', '16:38:00', 'Pulang', 1),
(121, '2023-06-26', '07:00:00', 'Masuk', 1),
(122, '2023-06-26', '16:26:00', 'Pulang', 1),
(123, '2023-06-27', '07:38:00', 'Masuk', 1),
(124, '2023-06-27', '16:22:00', 'Pulang', 1),
(125, '2023-06-28', '07:40:00', 'Masuk', 1),
(126, '2023-06-28', '16:43:00', 'Pulang', 1),
(127, '2023-06-29', '07:05:00', 'Masuk', 1),
(128, '2023-06-29', '16:36:00', 'Pulang', 1),
(129, '2023-06-30', '07:25:00', 'Masuk', 1),
(130, '2023-06-30', '16:18:00', 'Pulang', 1),
(131, '2023-07-03', '07:15:00', 'Masuk', 1),
(132, '2023-07-03', '16:22:00', 'Pulang', 1),
(133, '2023-07-04', '07:18:00', 'Masuk', 1),
(134, '2023-07-04', '16:28:00', 'Pulang', 1),
(135, '2023-07-05', '07:37:00', 'Masuk', 1),
(136, '2023-07-05', '16:10:00', 'Pulang', 1),
(137, '2023-07-06', '07:34:00', 'Masuk', 1),
(138, '2023-07-06', '16:00:00', 'Pulang', 1),
(139, '2023-07-07', '07:36:00', 'Masuk', 1),
(140, '2023-07-07', '16:43:00', 'Pulang', 1),
(141, '2023-07-10', '07:17:00', 'Masuk', 1),
(142, '2023-07-10', '16:04:00', 'Pulang', 1),
(143, '2023-07-11', '07:12:00', 'Masuk', 1),
(144, '2023-07-11', '16:03:00', 'Pulang', 1),
(145, '2023-07-12', '07:27:00', 'Masuk', 1),
(146, '2023-07-12', '16:33:00', 'Pulang', 1),
(147, '2023-07-13', '07:37:00', 'Masuk', 1),
(148, '2023-07-13', '16:42:00', 'Pulang', 1),
(149, '2023-07-14', '07:09:00', 'Masuk', 1),
(150, '2023-07-14', '16:12:00', 'Pulang', 1),
(151, '2023-07-17', '07:30:00', 'Masuk', 1),
(152, '2023-07-17', '16:26:00', 'Pulang', 1),
(153, '2023-07-18', '07:38:00', 'Masuk', 1),
(154, '2023-07-18', '16:20:00', 'Pulang', 1),
(155, '2023-07-19', '07:35:00', 'Masuk', 1),
(156, '2023-07-19', '16:23:00', 'Pulang', 1),
(157, '2023-07-20', '07:12:00', 'Masuk', 1),
(158, '2023-07-20', '16:36:00', 'Pulang', 1),
(159, '2023-07-21', '07:06:00', 'Masuk', 1),
(160, '2023-07-21', '16:15:00', 'Pulang', 1),
(161, '2023-07-24', '07:13:00', 'Masuk', 1),
(162, '2023-07-24', '16:20:00', 'Pulang', 1),
(163, '2023-07-25', '07:17:00', 'Masuk', 1),
(164, '2023-07-25', '16:23:00', 'Pulang', 1),
(165, '2023-07-26', '07:20:00', 'Masuk', 1),
(166, '2023-07-26', '16:29:00', 'Pulang', 1),
(167, '2023-07-27', '07:42:00', 'Masuk', 1),
(168, '2023-07-27', '16:33:00', 'Pulang', 1),
(169, '2023-07-28', '07:37:00', 'Masuk', 1),
(170, '2023-07-28', '16:42:00', 'Pulang', 1),
(171, '2023-07-31', '07:08:00', 'Masuk', 1),
(172, '2023-07-31', '16:04:00', 'Pulang', 1),
(173, '2023-08-01', '07:43:00', 'Masuk', 1),
(174, '2023-08-01', '16:21:00', 'Pulang', 1),
(175, '2023-08-02', '07:23:00', 'Masuk', 1),
(176, '2023-08-02', '16:08:00', 'Pulang', 1),
(177, '2023-08-03', '07:14:00', 'Masuk', 1),
(178, '2023-08-03', '16:04:00', 'Pulang', 1),
(179, '2023-08-04', '07:22:00', 'Masuk', 1),
(180, '2023-08-04', '16:06:00', 'Pulang', 1),
(181, '2023-08-07', '07:12:00', 'Masuk', 1),
(182, '2023-08-07', '16:43:00', 'Pulang', 1),
(183, '2023-08-08', '07:42:00', 'Masuk', 1),
(184, '2023-08-08', '16:34:00', 'Pulang', 1),
(185, '2023-08-09', '07:44:00', 'Masuk', 1),
(186, '2023-08-09', '16:26:00', 'Pulang', 1),
(187, '2023-08-10', '07:00:00', 'Masuk', 1),
(188, '2023-08-10', '16:15:00', 'Pulang', 1),
(189, '2023-08-11', '07:27:00', 'Masuk', 1),
(190, '2023-08-11', '16:00:00', 'Pulang', 1),
(191, '2023-08-14', '07:11:00', 'Masuk', 1),
(192, '2023-08-14', '16:11:00', 'Pulang', 1),
(193, '2023-08-15', '07:22:00', 'Masuk', 1),
(194, '2023-08-15', '16:32:00', 'Pulang', 1),
(195, '2023-08-16', '07:02:00', 'Masuk', 1),
(196, '2023-08-16', '16:08:00', 'Pulang', 1),
(197, '2023-08-17', '07:35:00', 'Masuk', 1),
(198, '2023-08-17', '16:12:00', 'Pulang', 1),
(201, '2023-04-03', '07:01:00', 'Masuk', 2),
(202, '2023-04-03', '16:07:00', 'Pulang', 2),
(203, '2023-04-04', '07:35:00', 'Masuk', 2),
(204, '2023-04-04', '16:14:00', 'Pulang', 2),
(205, '2023-04-05', '07:13:00', 'Masuk', 2),
(206, '2023-04-05', '16:24:00', 'Pulang', 2),
(207, '2023-04-06', '07:35:00', 'Masuk', 2),
(208, '2023-04-06', '16:11:00', 'Pulang', 2),
(209, '2023-04-07', '07:43:00', 'Masuk', 2),
(210, '2023-04-07', '16:00:00', 'Pulang', 2),
(211, '2023-04-10', '07:10:00', 'Masuk', 2),
(212, '2023-04-10', '16:03:00', 'Pulang', 2),
(213, '2023-04-11', '07:31:00', 'Masuk', 2),
(214, '2023-04-11', '16:09:00', 'Pulang', 2),
(215, '2023-04-12', '07:43:00', 'Masuk', 2),
(216, '2023-04-12', '16:04:00', 'Pulang', 2),
(217, '2023-04-13', '07:32:00', 'Masuk', 2),
(218, '2023-04-13', '16:10:00', 'Pulang', 2),
(219, '2023-04-14', '07:00:00', 'Masuk', 2),
(220, '2023-04-14', '16:16:00', 'Pulang', 2),
(221, '2023-04-17', '07:35:00', 'Masuk', 2),
(222, '2023-04-17', '16:36:00', 'Pulang', 2),
(223, '2023-04-18', '07:27:00', 'Masuk', 2),
(224, '2023-04-18', '16:30:00', 'Pulang', 2),
(225, '2023-04-19', '07:23:00', 'Masuk', 2),
(226, '2023-04-19', '16:26:00', 'Pulang', 2),
(227, '2023-04-20', '07:16:00', 'Masuk', 2),
(228, '2023-04-20', '16:03:00', 'Pulang', 2),
(229, '2023-04-21', '07:13:00', 'Masuk', 2),
(230, '2023-04-21', '16:09:00', 'Pulang', 2),
(231, '2023-04-24', '07:06:00', 'Masuk', 2),
(232, '2023-04-24', '16:05:00', 'Pulang', 2),
(233, '2023-04-25', '07:05:00', 'Masuk', 2),
(234, '2023-04-25', '16:14:00', 'Pulang', 2),
(235, '2023-04-26', '07:08:00', 'Masuk', 2),
(236, '2023-04-26', '16:45:00', 'Pulang', 2),
(237, '2023-04-27', '07:16:00', 'Masuk', 2),
(238, '2023-04-27', '16:36:00', 'Pulang', 2),
(239, '2023-04-28', '07:43:00', 'Masuk', 2),
(240, '2023-04-28', '16:16:00', 'Pulang', 2),
(241, '2023-05-01', '07:45:00', 'Masuk', 2),
(242, '2023-05-01', '16:37:00', 'Pulang', 2),
(243, '2023-05-02', '07:06:00', 'Masuk', 2),
(244, '2023-05-02', '16:12:00', 'Pulang', 2),
(245, '2023-05-03', '07:43:00', 'Masuk', 2),
(246, '2023-05-03', '16:40:00', 'Pulang', 2),
(247, '2023-05-04', '07:26:00', 'Masuk', 2),
(248, '2023-05-04', '16:09:00', 'Pulang', 2),
(249, '2023-05-05', '07:15:00', 'Masuk', 2),
(250, '2023-05-05', '16:00:00', 'Pulang', 2),
(251, '2023-05-08', '07:04:00', 'Masuk', 2),
(252, '2023-05-08', '16:20:00', 'Pulang', 2),
(253, '2023-05-09', '07:42:00', 'Masuk', 2),
(254, '2023-05-09', '16:12:00', 'Pulang', 2),
(255, '2023-05-10', '07:27:00', 'Masuk', 2),
(256, '2023-05-10', '16:07:00', 'Pulang', 2),
(257, '2023-05-11', '07:03:00', 'Masuk', 2),
(258, '2023-05-11', '16:37:00', 'Pulang', 2),
(259, '2023-05-12', '07:40:00', 'Masuk', 2),
(260, '2023-05-12', '16:44:00', 'Pulang', 2),
(261, '2023-05-15', '07:09:00', 'Masuk', 2),
(262, '2023-05-15', '16:04:00', 'Pulang', 2),
(263, '2023-05-16', '07:42:00', 'Masuk', 2),
(264, '2023-05-16', '16:12:00', 'Pulang', 2),
(265, '2023-05-17', '07:27:00', 'Masuk', 2),
(266, '2023-05-17', '16:07:00', 'Pulang', 2),
(267, '2023-05-18', '07:03:00', 'Masuk', 2),
(268, '2023-05-18', '16:40:00', 'Pulang', 2),
(269, '2023-05-19', '07:05:00', 'Masuk', 2),
(270, '2023-05-19', '16:00:00', 'Pulang', 2),
(271, '2023-05-22', '07:31:00', 'Masuk', 2),
(272, '2023-05-22', '16:19:00', 'Pulang', 2),
(273, '2023-05-23', '07:03:00', 'Masuk', 2),
(274, '2023-05-23', '16:01:00', 'Pulang', 2),
(275, '2023-05-24', '07:00:00', 'Masuk', 2),
(276, '2023-05-24', '16:43:00', 'Pulang', 2),
(277, '2023-05-25', '07:32:00', 'Masuk', 2),
(278, '2023-05-25', '16:31:00', 'Pulang', 2),
(279, '2023-05-26', '07:15:00', 'Masuk', 2),
(280, '2023-05-26', '16:28:00', 'Pulang', 2),
(281, '2023-05-29', '07:03:00', 'Masuk', 2),
(282, '2023-05-29', '16:24:00', 'Pulang', 2),
(283, '2023-05-30', '07:18:00', 'Masuk', 2),
(284, '2023-05-30', '16:21:00', 'Pulang', 2),
(285, '2023-05-31', '07:06:00', 'Masuk', 2),
(286, '2023-05-31', '16:13:00', 'Pulang', 2),
(287, '2023-06-01', '07:01:00', 'Masuk', 2),
(288, '2023-06-01', '16:14:00', 'Pulang', 2),
(289, '2023-06-02', '07:21:00', 'Masuk', 2),
(290, '2023-06-02', '16:17:00', 'Pulang', 2),
(291, '2023-06-05', '07:22:00', 'Masuk', 2),
(292, '2023-06-05', '16:13:00', 'Pulang', 2),
(293, '2023-06-06', '07:02:00', 'Masuk', 2),
(294, '2023-06-06', '16:17:00', 'Pulang', 2),
(295, '2023-06-07', '07:35:00', 'Masuk', 2),
(296, '2023-06-07', '16:29:00', 'Pulang', 2),
(297, '2023-06-08', '07:43:00', 'Masuk', 2),
(298, '2023-06-08', '16:34:00', 'Pulang', 2),
(299, '2023-06-09', '07:44:00', 'Masuk', 2),
(300, '2023-06-09', '16:27:00', 'Pulang', 2),
(301, '2023-06-12', '07:03:00', 'Masuk', 2),
(302, '2023-06-12', '16:27:00', 'Pulang', 2),
(303, '2023-06-13', '07:35:00', 'Masuk', 2),
(304, '2023-06-13', '16:02:00', 'Pulang', 2),
(305, '2023-06-14', '07:41:00', 'Masuk', 2),
(306, '2023-06-14', '16:19:00', 'Pulang', 2),
(307, '2023-06-15', '07:18:00', 'Masuk', 2),
(308, '2023-06-15', '16:34:00', 'Pulang', 2),
(309, '2023-06-16', '07:23:00', 'Masuk', 2),
(310, '2023-06-16', '16:13:00', 'Pulang', 2),
(311, '2023-06-19', '07:44:00', 'Masuk', 2),
(312, '2023-06-19', '16:43:00', 'Pulang', 2),
(313, '2023-06-20', '07:38:00', 'Masuk', 2),
(314, '2023-06-20', '16:16:00', 'Pulang', 2),
(315, '2023-06-21', '07:13:00', 'Masuk', 2),
(316, '2023-06-21', '16:17:00', 'Pulang', 2),
(317, '2023-06-22', '07:01:00', 'Masuk', 2),
(318, '2023-06-22', '16:00:00', 'Pulang', 2),
(319, '2023-06-23', '07:45:00', 'Masuk', 2),
(320, '2023-06-23', '16:40:00', 'Pulang', 2),
(321, '2023-06-26', '07:19:00', 'Masuk', 2),
(322, '2023-06-26', '16:23:00', 'Pulang', 2),
(323, '2023-06-27', '07:10:00', 'Masuk', 2),
(324, '2023-06-27', '16:31:00', 'Pulang', 2),
(325, '2023-06-28', '07:31:00', 'Masuk', 2),
(326, '2023-06-28', '16:16:00', 'Pulang', 2),
(327, '2023-06-29', '07:34:00', 'Masuk', 2),
(328, '2023-06-29', '16:32:00', 'Pulang', 2),
(329, '2023-06-30', '07:14:00', 'Masuk', 2),
(330, '2023-06-30', '16:17:00', 'Pulang', 2),
(331, '2023-07-03', '07:00:00', 'Masuk', 2),
(332, '2023-07-03', '16:39:00', 'Pulang', 2),
(333, '2023-07-04', '07:14:00', 'Masuk', 2),
(334, '2023-07-04', '16:00:00', 'Pulang', 2),
(335, '2023-07-05', '07:04:00', 'Masuk', 2),
(336, '2023-07-05', '16:22:00', 'Pulang', 2),
(337, '2023-07-06', '07:05:00', 'Masuk', 2),
(338, '2023-07-06', '16:07:00', 'Pulang', 2),
(339, '2023-07-07', '07:20:00', 'Masuk', 2),
(340, '2023-07-07', '16:34:00', 'Pulang', 2),
(341, '2023-07-10', '07:17:00', 'Masuk', 2),
(342, '2023-07-10', '16:29:00', 'Pulang', 2),
(343, '2023-07-11', '07:03:00', 'Masuk', 2),
(344, '2023-07-11', '16:21:00', 'Pulang', 2),
(345, '2023-07-12', '07:06:00', 'Masuk', 2),
(346, '2023-07-12', '16:14:00', 'Pulang', 2),
(347, '2023-07-13', '07:05:00', 'Masuk', 2),
(348, '2023-07-13', '16:30:00', 'Pulang', 2),
(349, '2023-07-14', '07:41:00', 'Masuk', 2),
(350, '2023-07-14', '16:27:00', 'Pulang', 2),
(351, '2023-07-17', '07:09:00', 'Masuk', 2),
(352, '2023-07-17', '16:13:00', 'Pulang', 2),
(353, '2023-07-18', '07:39:00', 'Masuk', 2),
(354, '2023-07-18', '16:16:00', 'Pulang', 2),
(355, '2023-07-19', '07:10:00', 'Masuk', 2),
(356, '2023-07-19', '16:02:00', 'Pulang', 2),
(357, '2023-07-20', '07:28:00', 'Masuk', 2),
(358, '2023-07-20', '16:44:00', 'Pulang', 2),
(359, '2023-07-21', '07:43:00', 'Masuk', 2),
(360, '2023-07-21', '16:36:00', 'Pulang', 2),
(361, '2023-07-24', '07:06:00', 'Masuk', 2),
(362, '2023-07-24', '16:14:00', 'Pulang', 2),
(363, '2023-07-25', '07:09:00', 'Masuk', 2),
(364, '2023-07-25', '16:03:00', 'Pulang', 2),
(365, '2023-07-26', '07:34:00', 'Masuk', 2),
(366, '2023-07-26', '16:24:00', 'Pulang', 2),
(367, '2023-07-27', '07:17:00', 'Masuk', 2),
(368, '2023-07-27', '16:14:00', 'Pulang', 2),
(369, '2023-07-28', '07:21:00', 'Masuk', 2),
(370, '2023-07-28', '16:15:00', 'Pulang', 2),
(371, '2023-07-31', '07:15:00', 'Masuk', 2),
(372, '2023-07-31', '16:29:00', 'Pulang', 2),
(373, '2023-08-01', '07:08:00', 'Masuk', 2),
(374, '2023-08-01', '16:44:00', 'Pulang', 2),
(375, '2023-08-02', '07:16:00', 'Masuk', 2),
(376, '2023-08-02', '16:38:00', 'Pulang', 2),
(377, '2023-08-03', '07:05:00', 'Masuk', 2),
(378, '2023-08-03', '16:05:00', 'Pulang', 2),
(379, '2023-08-04', '07:11:00', 'Masuk', 2),
(380, '2023-08-04', '16:40:00', 'Pulang', 2),
(381, '2023-08-07', '07:28:00', 'Masuk', 2),
(382, '2023-08-07', '16:19:00', 'Pulang', 2),
(383, '2023-08-08', '07:15:00', 'Masuk', 2),
(384, '2023-08-08', '16:17:00', 'Pulang', 2),
(385, '2023-08-09', '07:39:00', 'Masuk', 2),
(386, '2023-08-09', '16:06:00', 'Pulang', 2),
(387, '2023-08-10', '07:08:00', 'Masuk', 2),
(388, '2023-08-10', '16:20:00', 'Pulang', 2),
(389, '2023-08-11', '07:32:00', 'Masuk', 2),
(390, '2023-08-11', '16:07:00', 'Pulang', 2),
(391, '2023-08-14', '07:34:00', 'Masuk', 2),
(392, '2023-08-14', '16:12:00', 'Pulang', 2),
(393, '2023-08-15', '07:05:00', 'Masuk', 2),
(394, '2023-08-15', '16:35:00', 'Pulang', 2),
(395, '2023-08-16', '07:23:00', 'Masuk', 2),
(396, '2023-08-16', '16:09:00', 'Pulang', 2),
(397, '2023-08-17', '07:25:00', 'Masuk', 2),
(398, '2023-08-17', '16:04:00', 'Pulang', 2),
(401, '2023-04-03', '07:13:00', 'Masuk', 3),
(402, '2023-04-03', '16:13:00', 'Pulang', 3),
(403, '2023-04-04', '07:25:00', 'Masuk', 3),
(404, '2023-04-04', '16:41:00', 'Pulang', 3),
(405, '2023-04-05', '07:37:00', 'Masuk', 3),
(406, '2023-04-05', '16:16:00', 'Pulang', 3),
(407, '2023-04-06', '07:17:00', 'Masuk', 3),
(408, '2023-04-06', '16:36:00', 'Pulang', 3),
(409, '2023-04-07', '07:39:00', 'Masuk', 3),
(410, '2023-04-07', '16:42:00', 'Pulang', 3),
(411, '2023-04-10', '07:02:00', 'Masuk', 3),
(412, '2023-04-10', '16:20:00', 'Pulang', 3),
(413, '2023-04-11', '07:02:00', 'Masuk', 3),
(414, '2023-04-11', '16:00:00', 'Pulang', 3),
(415, '2023-04-12', '07:37:00', 'Masuk', 3),
(416, '2023-04-12', '16:04:00', 'Pulang', 3),
(417, '2023-04-13', '07:45:00', 'Masuk', 3),
(418, '2023-04-13', '16:31:00', 'Pulang', 3),
(419, '2023-04-14', '07:18:00', 'Masuk', 3),
(420, '2023-04-14', '16:00:00', 'Pulang', 3),
(421, '2023-04-17', '07:37:00', 'Masuk', 3),
(422, '2023-04-17', '16:03:00', 'Pulang', 3),
(423, '2023-04-18', '07:44:00', 'Masuk', 3),
(424, '2023-04-18', '16:26:00', 'Pulang', 3),
(425, '2023-04-19', '07:43:00', 'Masuk', 3),
(426, '2023-04-19', '16:00:00', 'Pulang', 3),
(427, '2023-04-20', '07:08:00', 'Masuk', 3),
(428, '2023-04-20', '16:43:00', 'Pulang', 3),
(429, '2023-04-21', '07:07:00', 'Masuk', 3),
(430, '2023-04-21', '16:00:00', 'Pulang', 3),
(431, '2023-04-24', '07:24:00', 'Masuk', 3),
(432, '2023-04-24', '16:31:00', 'Pulang', 3),
(433, '2023-04-25', '07:35:00', 'Masuk', 3),
(434, '2023-04-25', '16:36:00', 'Pulang', 3),
(435, '2023-04-26', '07:31:00', 'Masuk', 3),
(436, '2023-04-26', '16:01:00', 'Pulang', 3),
(437, '2023-04-27', '07:04:00', 'Masuk', 3),
(438, '2023-04-27', '16:18:00', 'Pulang', 3),
(439, '2023-04-28', '07:31:00', 'Masuk', 3),
(440, '2023-04-28', '16:10:00', 'Pulang', 3),
(441, '2023-05-01', '07:04:00', 'Masuk', 3),
(442, '2023-05-01', '16:34:00', 'Pulang', 3),
(443, '2023-05-02', '07:24:00', 'Masuk', 3),
(444, '2023-05-02', '16:17:00', 'Pulang', 3),
(445, '2023-05-03', '07:15:00', 'Masuk', 3),
(446, '2023-05-03', '16:25:00', 'Pulang', 3),
(447, '2023-05-04', '07:31:00', 'Masuk', 3),
(448, '2023-05-04', '16:38:00', 'Pulang', 3),
(449, '2023-05-05', '07:03:00', 'Masuk', 3),
(450, '2023-05-05', '16:41:00', 'Pulang', 3),
(451, '2023-05-08', '07:14:00', 'Masuk', 3),
(452, '2023-05-08', '16:38:00', 'Pulang', 3),
(453, '2023-05-09', '07:09:00', 'Masuk', 3),
(454, '2023-05-09', '16:25:00', 'Pulang', 3),
(455, '2023-05-10', '07:06:00', 'Masuk', 3),
(456, '2023-05-10', '16:03:00', 'Pulang', 3),
(457, '2023-05-11', '07:45:00', 'Masuk', 3),
(458, '2023-05-11', '16:29:00', 'Pulang', 3),
(459, '2023-05-12', '07:14:00', 'Masuk', 3),
(460, '2023-05-12', '16:27:00', 'Pulang', 3),
(461, '2023-05-15', '07:02:00', 'Masuk', 3),
(462, '2023-05-15', '16:20:00', 'Pulang', 3),
(463, '2023-05-16', '07:02:00', 'Masuk', 3),
(464, '2023-05-16', '16:43:00', 'Pulang', 3),
(465, '2023-05-17', '07:26:00', 'Masuk', 3),
(466, '2023-05-17', '16:04:00', 'Pulang', 3),
(467, '2023-05-18', '07:31:00', 'Masuk', 3),
(468, '2023-05-18', '16:07:00', 'Pulang', 3),
(469, '2023-05-19', '07:32:00', 'Masuk', 3),
(470, '2023-05-19', '16:05:00', 'Pulang', 3),
(471, '2023-05-22', '07:19:00', 'Masuk', 3),
(472, '2023-05-22', '16:35:00', 'Pulang', 3),
(473, '2023-05-23', '07:26:00', 'Masuk', 3),
(474, '2023-05-23', '16:28:00', 'Pulang', 3),
(475, '2023-05-24', '07:14:00', 'Masuk', 3),
(476, '2023-05-24', '16:33:00', 'Pulang', 3),
(477, '2023-05-25', '07:32:00', 'Masuk', 3),
(478, '2023-05-25', '16:16:00', 'Pulang', 3),
(479, '2023-05-26', '07:31:00', 'Masuk', 3),
(480, '2023-05-26', '16:16:00', 'Pulang', 3),
(481, '2023-05-29', '07:32:00', 'Masuk', 3),
(482, '2023-05-29', '16:19:00', 'Pulang', 3),
(483, '2023-05-30', '07:01:00', 'Masuk', 3),
(484, '2023-05-30', '16:40:00', 'Pulang', 3),
(485, '2023-05-31', '07:16:00', 'Masuk', 3),
(486, '2023-05-31', '16:05:00', 'Pulang', 3),
(487, '2023-06-01', '07:22:00', 'Masuk', 3),
(488, '2023-06-01', '16:03:00', 'Pulang', 3),
(489, '2023-06-02', '07:43:00', 'Masuk', 3),
(490, '2023-06-02', '16:22:00', 'Pulang', 3),
(491, '2023-06-05', '07:28:00', 'Masuk', 3),
(492, '2023-06-05', '16:27:00', 'Pulang', 3),
(493, '2023-06-06', '07:05:00', 'Masuk', 3),
(494, '2023-06-06', '16:38:00', 'Pulang', 3),
(495, '2023-06-07', '07:36:00', 'Masuk', 3),
(496, '2023-06-07', '16:22:00', 'Pulang', 3),
(497, '2023-06-08', '07:02:00', 'Masuk', 3),
(498, '2023-06-08', '16:36:00', 'Pulang', 3),
(499, '2023-06-09', '07:36:00', 'Masuk', 3),
(500, '2023-06-09', '16:28:00', 'Pulang', 3),
(501, '2023-06-12', '07:30:00', 'Masuk', 3),
(502, '2023-06-12', '16:24:00', 'Pulang', 3),
(503, '2023-06-13', '07:29:00', 'Masuk', 3),
(504, '2023-06-13', '16:26:00', 'Pulang', 3),
(505, '2023-06-14', '07:44:00', 'Masuk', 3),
(506, '2023-06-14', '16:03:00', 'Pulang', 3),
(507, '2023-06-15', '07:23:00', 'Masuk', 3),
(508, '2023-06-15', '16:15:00', 'Pulang', 3),
(509, '2023-06-16', '07:07:00', 'Masuk', 3),
(510, '2023-06-16', '16:34:00', 'Pulang', 3),
(511, '2023-06-19', '07:14:00', 'Masuk', 3),
(512, '2023-06-19', '16:14:00', 'Pulang', 3),
(513, '2023-06-20', '07:29:00', 'Masuk', 3),
(514, '2023-06-20', '16:09:00', 'Pulang', 3),
(515, '2023-06-21', '07:06:00', 'Masuk', 3),
(516, '2023-06-21', '16:04:00', 'Pulang', 3),
(517, '2023-06-22', '07:00:00', 'Masuk', 3),
(518, '2023-06-22', '16:37:00', 'Pulang', 3),
(519, '2023-06-23', '07:03:00', 'Masuk', 3),
(520, '2023-06-23', '16:39:00', 'Pulang', 3),
(521, '2023-06-26', '07:05:00', 'Masuk', 3),
(522, '2023-06-26', '16:01:00', 'Pulang', 3),
(523, '2023-06-27', '07:35:00', 'Masuk', 3),
(524, '2023-06-27', '16:33:00', 'Pulang', 3),
(525, '2023-06-28', '07:16:00', 'Masuk', 3),
(526, '2023-06-28', '16:26:00', 'Pulang', 3),
(527, '2023-06-29', '07:39:00', 'Masuk', 3),
(528, '2023-06-29', '16:26:00', 'Pulang', 3),
(529, '2023-06-30', '07:13:00', 'Masuk', 3),
(530, '2023-06-30', '16:35:00', 'Pulang', 3),
(531, '2023-07-03', '07:42:00', 'Masuk', 3),
(532, '2023-07-03', '16:16:00', 'Pulang', 3),
(533, '2023-07-04', '07:00:00', 'Masuk', 3),
(534, '2023-07-04', '16:42:00', 'Pulang', 3),
(535, '2023-07-05', '07:28:00', 'Masuk', 3),
(536, '2023-07-05', '16:16:00', 'Pulang', 3),
(537, '2023-07-06', '07:43:00', 'Masuk', 3),
(538, '2023-07-06', '16:28:00', 'Pulang', 3),
(539, '2023-07-07', '07:10:00', 'Masuk', 3),
(540, '2023-07-07', '16:13:00', 'Pulang', 3),
(541, '2023-07-10', '07:37:00', 'Masuk', 3),
(542, '2023-07-10', '16:09:00', 'Pulang', 3),
(543, '2023-07-11', '07:27:00', 'Masuk', 3),
(544, '2023-07-11', '16:14:00', 'Pulang', 3),
(545, '2023-07-12', '07:35:00', 'Masuk', 3),
(546, '2023-07-12', '16:42:00', 'Pulang', 3),
(547, '2023-07-13', '07:13:00', 'Masuk', 3),
(548, '2023-07-13', '16:31:00', 'Pulang', 3),
(549, '2023-07-14', '07:26:00', 'Masuk', 3),
(550, '2023-07-14', '16:38:00', 'Pulang', 3),
(551, '2023-07-17', '07:20:00', 'Masuk', 3),
(552, '2023-07-17', '16:31:00', 'Pulang', 3),
(553, '2023-07-18', '07:04:00', 'Masuk', 3),
(554, '2023-07-18', '16:20:00', 'Pulang', 3),
(555, '2023-07-19', '07:42:00', 'Masuk', 3),
(556, '2023-07-19', '16:14:00', 'Pulang', 3),
(557, '2023-07-20', '07:37:00', 'Masuk', 3),
(558, '2023-07-20', '16:04:00', 'Pulang', 3),
(559, '2023-07-21', '07:02:00', 'Masuk', 3),
(560, '2023-07-21', '16:00:00', 'Pulang', 3),
(561, '2023-07-24', '07:39:00', 'Masuk', 3),
(562, '2023-07-24', '16:13:00', 'Pulang', 3),
(563, '2023-07-25', '07:39:00', 'Masuk', 3),
(564, '2023-07-25', '16:17:00', 'Pulang', 3),
(565, '2023-07-26', '07:17:00', 'Masuk', 3),
(566, '2023-07-26', '16:32:00', 'Pulang', 3),
(567, '2023-07-27', '07:19:00', 'Masuk', 3),
(568, '2023-07-27', '16:00:00', 'Pulang', 3),
(569, '2023-07-28', '07:36:00', 'Masuk', 3),
(570, '2023-07-28', '16:40:00', 'Pulang', 3),
(571, '2023-07-31', '07:02:00', 'Masuk', 3),
(572, '2023-07-31', '16:28:00', 'Pulang', 3),
(573, '2023-08-01', '07:43:00', 'Masuk', 3),
(574, '2023-08-01', '16:37:00', 'Pulang', 3),
(575, '2023-08-02', '07:14:00', 'Masuk', 3),
(576, '2023-08-02', '16:04:00', 'Pulang', 3),
(577, '2023-08-03', '07:23:00', 'Masuk', 3),
(578, '2023-08-03', '16:11:00', 'Pulang', 3),
(579, '2023-08-04', '07:33:00', 'Masuk', 3),
(580, '2023-08-04', '16:40:00', 'Pulang', 3),
(581, '2023-08-07', '07:11:00', 'Masuk', 3),
(582, '2023-08-07', '16:28:00', 'Pulang', 3),
(583, '2023-08-08', '07:14:00', 'Masuk', 3),
(584, '2023-08-08', '16:34:00', 'Pulang', 3),
(585, '2023-08-09', '07:37:00', 'Masuk', 3),
(586, '2023-08-09', '16:36:00', 'Pulang', 3),
(587, '2023-08-10', '07:22:00', 'Masuk', 3),
(588, '2023-08-10', '16:04:00', 'Pulang', 3),
(589, '2023-08-11', '07:00:00', 'Masuk', 3),
(590, '2023-08-11', '16:35:00', 'Pulang', 3),
(591, '2023-08-14', '07:37:00', 'Masuk', 3),
(592, '2023-08-14', '16:34:00', 'Pulang', 3),
(593, '2023-08-15', '07:14:00', 'Masuk', 3),
(594, '2023-08-15', '16:13:00', 'Pulang', 3),
(595, '2023-08-16', '07:26:00', 'Masuk', 3),
(596, '2023-08-16', '16:00:00', 'Pulang', 3),
(597, '2023-08-17', '07:12:00', 'Masuk', 3),
(598, '2023-08-17', '16:14:00', 'Pulang', 3),
(608, '2023-08-18', '07:48:31', 'Masuk', 2),
(609, '2023-08-18', '07:51:23', 'Masuk', 3);

-- --------------------------------------------------------

--
-- Table structure for table `divisi`
--

DROP TABLE IF EXISTS `divisi`;
CREATE TABLE IF NOT EXISTS `divisi` (
  `id_divisi` smallint NOT NULL AUTO_INCREMENT,
  `nama_divisi` varchar(50) NOT NULL,
  `gaji_pokok` int NOT NULL,
  PRIMARY KEY (`id_divisi`)
) ENGINE=InnoDB AUTO_INCREMENT=14 DEFAULT CHARSET=latin1;

--
-- Dumping data for table `divisi`
--

INSERT INTO `divisi` (`id_divisi`, `nama_divisi`, `gaji_pokok`) VALUES
(1, 'Marketing', 2000000),
(2, 'IT ', 2500000),
(3, 'Akuntan', 3000000),
(4, 'Security', 1500000),
(5, 'HSE', 3200000),
(6, 'Produksi', 2600000),
(13, 'Human Resource', 3150000);

-- --------------------------------------------------------

--
-- Table structure for table `jam`
--

DROP TABLE IF EXISTS `jam`;
CREATE TABLE IF NOT EXISTS `jam` (
  `id_jam` tinyint(1) NOT NULL AUTO_INCREMENT,
  `start` time NOT NULL,
  `finish` time NOT NULL,
  `keterangan` enum('Masuk','Pulang') NOT NULL,
  PRIMARY KEY (`id_jam`)
) ENGINE=InnoDB AUTO_INCREMENT=3 DEFAULT CHARSET=latin1;

--
-- Dumping data for table `jam`
--

INSERT INTO `jam` (`id_jam`, `start`, `finish`, `keterangan`) VALUES
(1, '07:00:00', '07:45:00', 'Masuk'),
(2, '16:00:00', '16:45:00', 'Pulang');

-- --------------------------------------------------------

--
-- Table structure for table `penggajian`
--

DROP TABLE IF EXISTS `penggajian`;
CREATE TABLE IF NOT EXISTS `penggajian` (
  `id_penggajian` int NOT NULL AUTO_INCREMENT,
  `id_user` smallint NOT NULL,
  `bulan` tinyint NOT NULL,
  `tahun` year NOT NULL,
  `gaji_pokok` int NOT NULL,
  `bonus` int DEFAULT '0',
  `potongan` int DEFAULT '0',
  `total_gaji` int GENERATED ALWAYS AS (((`gaji_pokok` + `bonus`) - `potongan`)) VIRTUAL,
  PRIMARY KEY (`id_penggajian`),
  KEY `id_user` (`id_user`)
) ENGINE=InnoDB AUTO_INCREMENT=24 DEFAULT CHARSET=latin1;

--
-- Dumping data for table `penggajian`
--

INSERT INTO `penggajian` (`id_penggajian`, `id_user`, `bulan`, `tahun`, `gaji_pokok`, `bonus`, `potongan`) VALUES
(1, 1, 1, 2023, 2000000, 0, 0),
(2, 2, 1, 2023, 2500000, 150000, 50000),
(3, 3, 1, 2023, 2000000, 100000, 75000),
(4, 1, 2, 2023, 2000000, 120000, 40000),
(5, 2, 2, 2023, 2500000, 140000, 55000),
(6, 3, 2, 2023, 2000000, 90000, 80000),
(7, 1, 3, 2023, 2000000, 110000, 45000),
(8, 2, 3, 2023, 2500000, 130000, 52000),
(9, 3, 3, 2023, 2000000, 95000, 72000),
(10, 1, 4, 2023, 2000000, 115000, 42000),
(11, 2, 4, 2023, 2500000, 137000, 53000),
(12, 3, 4, 2023, 2000000, 92000, 73000),
(13, 1, 5, 2023, 2000000, 112000, 46000),
(14, 2, 5, 2023, 2500000, 132000, 54000),
(15, 3, 5, 2023, 2000000, 91000, 74000),
(16, 1, 6, 2023, 2000000, 117000, 43000),
(17, 2, 6, 2023, 2500000, 138000, 52000),
(18, 3, 6, 2023, 2000000, 94000, 71000),
(21, 1, 9, 2023, 2000000, 0, 0),
(22, 2, 9, 2023, 2500000, 0, 0);

-- --------------------------------------------------------

--
-- Table structure for table `users`
--

DROP TABLE IF EXISTS `users`;
CREATE TABLE IF NOT EXISTS `users` (
  `id_user` smallint NOT NULL AUTO_INCREMENT,
  `nik` varchar(20) NOT NULL,
  `nama` varchar(50) NOT NULL,
  `alamat` varchar(100) NOT NULL,
  `telp` varchar(15) NOT NULL,
  `email` varchar(50) NOT NULL,
  `foto` varchar(20) DEFAULT 'no-foto.png',
  `divisi` smallint DEFAULT NULL,
  `username` varchar(25) NOT NULL,
  `password` varchar(60) NOT NULL,
  `level` enum('Manager','Karyawan') NOT NULL DEFAULT 'Karyawan',
  PRIMARY KEY (`id_user`)
) ENGINE=InnoDB AUTO_INCREMENT=4 DEFAULT CHARSET=latin1;

--
-- Dumping data for table `users`
--

INSERT INTO `users` (`id_user`, `nik`, `nama`, `alamat`, `telp`, `email`, `foto`, `divisi`, `username`, `password`, `level`) VALUES
(1, '1001001', 'Junaidi', 'Jalan Adhyaksa', '08971137712', 'junaidi@gmail.com', '1691317781.png', 1, 'junaidi', '$2y$10$24GkCeAu7hA.07/BrfF0yuEqrIavNC8BXVKBOlsASOi6m96q4OV32', 'Manager'),
(2, '1001002', 'Mila Siti Salamah', 'Jalan Ratu Intan', '08115016727', 'milasitisalamah22@gmail.com', '1691317710.png', 2, 'mila', '$2y$10$mityfmTuTwXx59d784Lyh.2CBl29f1IacWTGL991Amtcy5d4Q7.yy', 'Karyawan'),
(3, '1001002', 'Purnomo', 'Jalan Salak', '081313131313', 'purnomo@gmail.com', '1691317865.png', 1, 'purnomo', '$2y$10$y/a1LlW17RrEL4nVa1ptSes5Mz2J6i1rcDgu.WPXQraRvyFvcB5mK', 'Karyawan');

--
-- Constraints for dumped tables
--

--
-- Constraints for table `penggajian`
--
ALTER TABLE `penggajian`
  ADD CONSTRAINT `penggajian_ibfk_1` FOREIGN KEY (`id_user`) REFERENCES `users` (`id_user`);
COMMIT;

/*!40101 SET CHARACTER_SET_CLIENT=@OLD_CHARACTER_SET_CLIENT */;
/*!40101 SET CHARACTER_SET_RESULTS=@OLD_CHARACTER_SET_RESULTS */;
/*!40101 SET COLLATION_CONNECTION=@OLD_COLLATION_CONNECTION */;
